{
  "__type__": "cc.SpriteFrame",
  "content": {
    "name": "主角路径",
    "atlas": "",
    "rect": {
      "x": 0,
      "y": 0,
      "width": 81,
      "height": 70
    },
    "offset": {
      "x": 0,
      "y": 0
    },
    "originalSize": {
      "width": 81,
      "height": 70
    },
    "rotated": false,
    "capInsets": [
      0,
      0,
      0,
      0
    ],
    "vertices": {
      "rawPosition": [
        -40.5,
        -35,
        0,
        40.5,
        -35,
        0,
        -40.5,
        35,
        0,
        40.5,
        35,
        0
      ],
      "indexes": [
        0,
        1,
        2,
        2,
        1,
        3
      ],
      "uv": [
        0,
        70,
        81,
        70,
        0,
        0,
        81,
        0
      ],
      "nuv": [
        0,
        0,
        1,
        0,
        0,
        1,
        1,
        1
      ],
      "minPos": {
        "x": -40.5,
        "y": -35,
        "z": 0
      },
      "maxPos": {
        "x": 40.5,
        "y": 35,
        "z": 0
      }
    },
    "texture": "9b9e9b60-af2b-4333-b32a-8c250591f6a3@6c48a",
    "packable": true,
    "pixelsToUnit": 100,
    "pivot": {
      "x": 0.5,
      "y": 0.5
    },
    "meshType": 0
  }
}