{
  "__type__": "cc.SpriteFrame",
  "content": {
    "name": "粉色格子",
    "atlas": "",
    "rect": {
      "x": 15,
      "y": 20,
      "width": 81,
      "height": 82
    },
    "offset": {
      "x": 0,
      "y": -1
    },
    "originalSize": {
      "width": 111,
      "height": 120
    },
    "rotated": false,
    "capInsets": [
      0,
      0,
      0,
      0
    ],
    "vertices": {
      "rawPosition": [
        -40.5,
        -41,
        0,
        40.5,
        -41,
        0,
        -40.5,
        41,
        0,
        40.5,
        41,
        0
      ],
      "indexes": [
        0,
        1,
        2,
        2,
        1,
        3
      ],
      "uv": [
        15,
        100,
        96,
        100,
        15,
        18,
        96,
        18
      ],
      "nuv": [
        0.13513513513513514,
        0.15,
        0.8648648648648649,
        0.15,
        0.13513513513513514,
        0.8333333333333334,
        0.8648648648648649,
        0.8333333333333334
      ],
      "minPos": {
        "x": -40.5,
        "y": -41,
        "z": 0
      },
      "maxPos": {
        "x": 40.5,
        "y": 41,
        "z": 0
      }
    },
    "texture": "de8abcf0-3023-402f-a9d8-ced701fe00ae@6c48a",
    "packable": true,
    "pixelsToUnit": 100,
    "pivot": {
      "x": 0.5,
      "y": 0.5
    },
    "meshType": 0
  }
}