{
  "__type__": "cc.SpriteFrame",
  "content": {
    "name": "背景色",
    "atlas": "",
    "rect": {
      "x": 0,
      "y": 0,
      "width": 360,
      "height": 720
    },
    "offset": {
      "x": 0,
      "y": 0
    },
    "originalSize": {
      "width": 360,
      "height": 720
    },
    "rotated": false,
    "capInsets": [
      0,
      0,
      0,
      0
    ],
    "vertices": {
      "rawPosition": [
        -180,
        -360,
        0,
        180,
        -360,
        0,
        -180,
        360,
        0,
        180,
        360,
        0
      ],
      "indexes": [
        0,
        1,
        2,
        2,
        1,
        3
      ],
      "uv": [
        0,
        720,
        360,
        720,
        0,
        0,
        360,
        0
      ],
      "nuv": [
        0,
        0,
        1,
        0,
        0,
        1,
        1,
        1
      ],
      "minPos": {
        "x": -180,
        "y": -360,
        "z": 0
      },
      "maxPos": {
        "x": 180,
        "y": 360,
        "z": 0
      }
    },
    "texture": "38a08705-0acf-43dc-8387-c2bcf0e45a7f@6c48a",
    "packable": true,
    "pixelsToUnit": 100,
    "pivot": {
      "x": 0.5,
      "y": 0.5
    },
    "meshType": 0
  }
}