{
  "__type__": "cc.SpriteFrame",
  "content": {
    "name": "好友路径",
    "atlas": "",
    "rect": {
      "x": 15,
      "y": 20,
      "width": 81,
      "height": 70
    },
    "offset": {
      "x": 0,
      "y": 5
    },
    "originalSize": {
      "width": 111,
      "height": 120
    },
    "rotated": false,
    "capInsets": [
      0,
      0,
      0,
      0
    ],
    "vertices": {
      "rawPosition": [
        -40.5,
        -35,
        0,
        40.5,
        -35,
        0,
        -40.5,
        35,
        0,
        40.5,
        35,
        0
      ],
      "indexes": [
        0,
        1,
        2,
        2,
        1,
        3
      ],
      "uv": [
        15,
        100,
        96,
        100,
        15,
        30,
        96,
        30
      ],
      "nuv": [
        0.13513513513513514,
        0.25,
        0.8648648648648649,
        0.25,
        0.13513513513513514,
        0.8333333333333334,
        0.8648648648648649,
        0.8333333333333334
      ],
      "minPos": {
        "x": -40.5,
        "y": -35,
        "z": 0
      },
      "maxPos": {
        "x": 40.5,
        "y": 35,
        "z": 0
      }
    },
    "texture": "aaa2d342-9dc0-4f13-9da9-5c1835d79e4b@6c48a",
    "packable": true,
    "pixelsToUnit": 100,
    "pivot": {
      "x": 0.5,
      "y": 0.5
    },
    "meshType": 0
  }
}