{
  "__type__": "cc.SpriteFrame",
  "content": {
    "name": "doudou",
    "atlas": "",
    "rect": {
      "x": 15,
      "y": 0,
      "width": 81,
      "height": 110
    },
    "offset": {
      "x": 0,
      "y": 8.5
    },
    "originalSize": {
      "width": 111,
      "height": 127
    },
    "rotated": false,
    "capInsets": [
      0,
      0,
      0,
      0
    ],
    "vertices": {
      "rawPosition": [
        -40.5,
        -55,
        0,
        40.5,
        -55,
        0,
        -40.5,
        55,
        0,
        40.5,
        55,
        0
      ],
      "indexes": [
        0,
        1,
        2,
        2,
        1,
        3
      ],
      "uv": [
        15,
        127,
        96,
        127,
        15,
        17,
        96,
        17
      ],
      "nuv": [
        0.13513513513513514,
        0.13385826771653545,
        0.8648648648648649,
        0.13385826771653545,
        0.13513513513513514,
        1,
        0.8648648648648649,
        1
      ],
      "minPos": {
        "x": -40.5,
        "y": -55,
        "z": 0
      },
      "maxPos": {
        "x": 40.5,
        "y": 55,
        "z": 0
      }
    },
    "texture": "6f53cf49-797f-4c2a-9ba9-6dd91d9d7142@6c48a",
    "packable": true,
    "pixelsToUnit": 100,
    "pivot": {
      "x": 0.5,
      "y": 0.5
    },
    "meshType": 0
  }
}