{
  "__type__": "cc.SpriteFrame",
  "content": {
    "name": "好友（后续可能替换）",
    "atlas": "",
    "rect": {
      "x": 15,
      "y": 0,
      "width": 81,
      "height": 98
    },
    "offset": {
      "x": 0,
      "y": 15
    },
    "originalSize": {
      "width": 111,
      "height": 128
    },
    "rotated": false,
    "capInsets": [
      0,
      0,
      0,
      0
    ],
    "vertices": {
      "rawPosition": [
        -40.5,
        -49,
        0,
        40.5,
        -49,
        0,
        -40.5,
        49,
        0,
        40.5,
        49,
        0
      ],
      "indexes": [
        0,
        1,
        2,
        2,
        1,
        3
      ],
      "uv": [
        15,
        128,
        96,
        128,
        15,
        30,
        96,
        30
      ],
      "nuv": [
        0.13513513513513514,
        0.234375,
        0.8648648648648649,
        0.234375,
        0.13513513513513514,
        1,
        0.8648648648648649,
        1
      ],
      "minPos": {
        "x": -40.5,
        "y": -49,
        "z": 0
      },
      "maxPos": {
        "x": 40.5,
        "y": 49,
        "z": 0
      }
    },
    "texture": "99d20533-7580-4cf3-b1fe-5b5b5fd5e8f9@6c48a",
    "packable": true,
    "pixelsToUnit": 100,
    "pivot": {
      "x": 0.5,
      "y": 0.5
    },
    "meshType": 0
  }
}