{
  "7f0cdf79-3a80-44ed-a6d8-8d75de67af1b": {
    "assetUuid": "7f0cdf79-3a80-44ed-a6d8-8d75de67af1b",
    "animationUuid": "",
    "expandLevels": [
      "0",
      "0_0"
    ]
  },
  "934626ea-023b-4707-8811-dbef56f22b53": {
    "assetUuid": "934626ea-023b-4707-8811-dbef56f22b53",
    "animationUuid": "",
    "expandLevels": [
      "0",
      "0_0"
    ]
  },
  "10f08cfb-f08a-4d93-896c-e0b67415f4ef": {
    "assetUuid": "10f08cfb-f08a-4d93-896c-e0b67415f4ef",
    "animationUuid": "",
    "expandLevels": [
      "0",
      "0_0"
    ]
  },
  "eeb7d3d0-cc8b-45fc-9bba-2092fd6473c9": {
    "assetUuid": "eeb7d3d0-cc8b-45fc-9bba-2092fd6473c9",
    "animationUuid": "",
    "expandLevels": [
      "0",
      "0_0",
      "0_0_1"
    ]
  },
  "4c395115-e5bc-4b9b-9b88-1492d99e59c8": {
    "assetUuid": "4c395115-e5bc-4b9b-9b88-1492d99e59c8",
    "animationUuid": "",
    "expandLevels": [
      "0",
      "0_0",
      "0_0_1"
    ]
  },
  "35bf81e9-5e3b-4dc0-8ad4-893e48611266": {
    "assetUuid": "35bf81e9-5e3b-4dc0-8ad4-893e48611266",
    "animationUuid": "",
    "expandLevels": [
      "0",
      "0_0",
      "0_0_1"
    ]
  },
  "dc99c48d-d0ea-4ffa-bd29-b9a9780ec501": {
    "assetUuid": "dc99c48d-d0ea-4ffa-bd29-b9a9780ec501",
    "animationUuid": "",
    "expandLevels": [
      "0"
    ]
  },
  "2d7baed9-4fd2-4b2f-b573-4584827330dd": {
    "assetUuid": "2d7baed9-4fd2-4b2f-b573-4584827330dd",
    "animationUuid": "",
    "expandLevels": [
      "0"
    ]
  },
  "9ff3bdcc-d3e5-4b6f-a0bd-4b6500593700": {
    "assetUuid": "9ff3bdcc-d3e5-4b6f-a0bd-4b6500593700",
    "animationUuid": "",
    "expandLevels": [
      "0"
    ]
  },
  "6df29c50-934a-48a0-8706-79312a944619": {
    "assetUuid": "6df29c50-934a-48a0-8706-79312a944619",
    "animationUuid": "",
    "expandLevels": [
      "0",
      "0_0",
      "0_0_3",
      "0_0_7",
      "0_0_7_0",
      "0_0_19",
      "0_0_20"
    ]
  },
  "409f900e-1e58-45bb-905f-8302517e3b7b": {
    "assetUuid": "409f900e-1e58-45bb-905f-8302517e3b7b",
    "animationUuid": "",
    "expandLevels": [
      "0"
    ]
  },
  "d1bc6580-82d0-49a2-a743-7281b0182eb3": {
    "assetUuid": "d1bc6580-82d0-49a2-a743-7281b0182eb3",
    "animationUuid": "",
    "expandLevels": [
      "0"
    ]
  },
  "81f7b9af-2b63-41f9-b6ee-4ad7aec8c6b4": {
    "assetUuid": "81f7b9af-2b63-41f9-b6ee-4ad7aec8c6b4",
    "animationUuid": "",
    "expandLevels": [
      "0"
    ]
  },
  "30da7d6e-aab0-40eb-8a47-dab8a297a99e": {
    "assetUuid": "30da7d6e-aab0-40eb-8a47-dab8a297a99e",
    "animationUuid": "",
    "expandLevels": [
      "0"
    ]
  },
  "659e56cc-dc0d-4714-a707-4942cfadcd1d": {
    "assetUuid": "659e56cc-dc0d-4714-a707-4942cfadcd1d",
    "animationUuid": "",
    "expandLevels": [
      "0"
    ]
  },
  "4ebc75d2-cc1c-42a0-a66c-202f58ca5ff6": {
    "assetUuid": "4ebc75d2-cc1c-42a0-a66c-202f58ca5ff6",
    "animationUuid": "",
    "expandLevels": [
      "0"
    ]
  }
}
