{
  "20835ba4-6145-4fbc-a58a-051ce700aa3e@6c48a": {
    "texture": {
      "mipfilter": "none"
    }
  },
  "6f53cf49-797f-4c2a-9ba9-6dd91d9d7142@6c48a": {
    "texture": {
      "mipfilter": "none"
    }
  },
  "189ec557-adda-4848-9f7a-4bef885e37a8@6c48a": {
    "texture": {
      "mipfilter": "none"
    }
  },
  "99d20533-7580-4cf3-b1fe-5b5b5fd5e8f9@6c48a": {
    "texture": {
      "mipfilter": "none"
    }
  },
  "aaa2d342-9dc0-4f13-9da9-5c1835d79e4b@6c48a": {
    "texture": {
      "mipfilter": "none"
    }
  },
  "6cf90839-04f4-4da4-9132-3d2444fe3446@6c48a": {
    "texture": {
      "mipfilter": "none"
    }
  },
  "2b1da796-62bc-4604-aeac-3e319e179814@6c48a": {
    "texture": {
      "mipfilter": "none"
    }
  },
  "de8abcf0-3023-402f-a9d8-ced701fe00ae@6c48a": {
    "texture": {
      "mipfilter": "none"
    }
  },
  "bb3bd8f8-b0ec-4d5d-b3bc-9021d27ecdd0@6c48a": {
    "texture": {
      "mipfilter": "none"
    }
  },
  "e033acd2-ad7f-464b-8579-a0eede0151d8@6c48a": {
    "texture": {
      "mipfilter": "none"
    }
  },
  "405f95bb-1bb6-4365-9ba3-44cf35765907@6c48a": {
    "texture": {
      "mipfilter": "none"
    }
  },
  "ba41e23b-a4be-4b07-b4a1-dcc600c99394@6c48a": {
    "texture": {
      "mipfilter": "none"
    }
  },
  "94ed67cb-c008-4854-8506-e50bc3ef5dcb@6c48a": {
    "texture": {
      "mipfilter": "none"
    }
  },
  "4e05a03c-46d5-48b7-bc5a-7f92e4ad83c1@6c48a": {
    "texture": {
      "mipfilter": "none"
    }
  },
  "f6bf31f8-2daf-4e9f-b1ad-c9df7cfcec2f@6c48a": {
    "texture": {
      "mipfilter": "none"
    }
  },
  "d3439040-1d9e-4400-8459-2159a3e236d5@6c48a": {
    "texture": {
      "mipfilter": "none"
    }
  },
  "9d4a5574-d519-4d6c-bb0f-cb875860f1f5@6c48a": {
    "texture": {
      "mipfilter": "none"
    }
  },
  "d1da4216-c80a-4cf8-ba7d-5009b6205f38@6c48a": {
    "texture": {
      "mipfilter": "none"
    }
  },
  "52fcc1d5-43a3-40f7-9af5-22dc1dedc5df@6c48a": {
    "texture": {
      "mipfilter": "none"
    }
  },
  "f35531d1-16f4-438e-8922-ea285cf6ce50@6c48a": {
    "texture": {
      "mipfilter": "none"
    }
  },
  "91a827b4-e85d-48f9-8b00-5bc04bfbd0c8@6c48a": {
    "texture": {
      "mipfilter": "none"
    }
  },
  "bced7064-8ed3-4b67-a71c-a770809f7230@6c48a": {
    "texture": {
      "mipfilter": "none"
    }
  },
  "4cafb999-7388-4535-b1c5-bef9f8a97705@6c48a": {
    "texture": {
      "mipfilter": "none"
    }
  },
  "066e6207-37c3-4cf9-8e04-ee62dde26d60@6c48a": {
    "texture": {
      "mipfilter": "none"
    }
  },
  "d3bfe423-671a-44bf-a37a-e7e633bb91a2@6c48a": {
    "texture": {
      "mipfilter": "none"
    }
  },
  "fe37bff5-039c-451a-85ab-fbce483bd351@6c48a": {
    "texture": {
      "mipfilter": "none"
    }
  },
  "ac0690c2-b8f9-4919-ae65-df0ce4211bf1@6c48a": {
    "texture": {
      "mipfilter": "none"
    }
  },
  "a0998a2a-8ccc-42ac-a011-e7bb9274af7e@6c48a": {
    "texture": {
      "mipfilter": "none"
    }
  },
  "38a08705-0acf-43dc-8387-c2bcf0e45a7f@6c48a": {
    "texture": {
      "mipfilter": "none"
    }
  },
  "9b9e9b60-af2b-4333-b32a-8c250591f6a3@6c48a": {
    "texture": {
      "mipfilter": "none"
    }
  },
  "70bfd6c1-6591-4b6b-b39a-ba671a4afa9b@6c48a": {
    "texture": {
      "mipfilter": "none"
    }
  },
  "5493656c-389c-48db-80ca-fca772d76bee@6c48a": {
    "texture": {
      "mipfilter": "none"
    }
  },
  "e2b1fc11-36b7-4ff9-beb9-b9c7894a25fe@6c48a": {
    "texture": {
      "mipfilter": "none"
    }
  }
}
