{
  "__type__": "cc.SpriteFrame",
  "content": {
    "name": "icon3",
    "atlas": "",
    "rect": {
      "x": 1,
      "y": 2,
      "width": 22,
      "height": 20
    },
    "offset": {
      "x": 0,
      "y": 0
    },
    "originalSize": {
      "width": 24,
      "height": 24
    },
    "rotated": false,
    "capInsets": [
      0,
      0,
      0,
      0
    ],
    "vertices": {
      "rawPosition": [
        -11,
        -10,
        0,
        11,
        -10,
        0,
        -11,
        10,
        0,
        11,
        10,
        0
      ],
      "indexes": [
        0,
        1,
        2,
        2,
        1,
        3
      ],
      "uv": [
        1,
        22,
        23,
        22,
        1,
        2,
        23,
        2
      ],
      "nuv": [
        0.041666666666666664,
        0.08333333333333333,
        0.9583333333333334,
        0.08333333333333333,
        0.041666666666666664,
        0.9166666666666666,
        0.9583333333333334,
        0.9166666666666666
      ],
      "minPos": {
        "x": -11,
        "y": -10,
        "z": 0
      },
      "maxPos": {
        "x": 11,
        "y": 10,
        "z": 0
      }
    },
    "texture": "3cddd707-f140-4383-bd2c-90915ce8aa58@6c48a",
    "packable": true,
    "pixelsToUnit": 100,
    "pivot": {
      "x": 0.5,
      "y": 0.5
    },
    "meshType": 0
  }
}