{
  "__type__": "cc.SpriteFrame",
  "content": {
    "name": "放弃按钮",
    "atlas": "",
    "rect": {
      "x": 0,
      "y": 0,
      "width": 76,
      "height": 36
    },
    "offset": {
      "x": 0,
      "y": 0
    },
    "originalSize": {
      "width": 76,
      "height": 36
    },
    "rotated": false,
    "capInsets": [
      0,
      0,
      0,
      0
    ],
    "vertices": {
      "rawPosition": [
        -38,
        -18,
        0,
        38,
        -18,
        0,
        -38,
        18,
        0,
        38,
        18,
        0
      ],
      "indexes": [
        0,
        1,
        2,
        2,
        1,
        3
      ],
      "uv": [
        0,
        36,
        76,
        36,
        0,
        0,
        76,
        0
      ],
      "nuv": [
        0,
        0,
        1,
        0,
        0,
        1,
        1,
        1
      ],
      "minPos": {
        "x": -38,
        "y": -18,
        "z": 0
      },
      "maxPos": {
        "x": 38,
        "y": 18,
        "z": 0
      }
    },
    "texture": "d3439040-1d9e-4400-8459-2159a3e236d5@6c48a",
    "packable": true,
    "pixelsToUnit": 100,
    "pivot": {
      "x": 0.5,
      "y": 0.5
    },
    "meshType": 0
  }
}