{
  "__type__": "cc.SpriteFrame",
  "content": {
    "name": "DOUDOU形象（后续会有点击交互功能 这块逻辑可以之后再写）",
    "atlas": "",
    "rect": {
      "x": 4,
      "y": 1,
      "width": 102,
      "height": 104
    },
    "offset": {
      "x": -3,
      "y": -0.5
    },
    "originalSize": {
      "width": 116,
      "height": 105
    },
    "rotated": false,
    "capInsets": [
      0,
      0,
      0,
      0
    ],
    "vertices": {
      "rawPosition": [
        -51,
        -52,
        0,
        51,
        -52,
        0,
        -51,
        52,
        0,
        51,
        52,
        0
      ],
      "indexes": [
        0,
        1,
        2,
        2,
        1,
        3
      ],
      "uv": [
        4,
        104,
        106,
        104,
        4,
        0,
        106,
        0
      ],
      "nuv": [
        0.034482758620689655,
        0,
        0.9137931034482759,
        0,
        0.034482758620689655,
        0.9904761904761905,
        0.9137931034482759,
        0.9904761904761905
      ],
      "minPos": {
        "x": -51,
        "y": -52,
        "z": 0
      },
      "maxPos": {
        "x": 51,
        "y": 52,
        "z": 0
      }
    },
    "texture": "d3bfe423-671a-44bf-a37a-e7e633bb91a2@6c48a",
    "packable": true,
    "pixelsToUnit": 100,
    "pivot": {
      "x": 0.5,
      "y": 0.5
    },
    "meshType": 0
  }
}