{
  "__type__": "cc.SpriteFrame",
  "content": {
    "name": "输入框",
    "atlas": "",
    "rect": {
      "x": 0,
      "y": 0,
      "width": 328,
      "height": 48
    },
    "offset": {
      "x": 0,
      "y": 0
    },
    "originalSize": {
      "width": 328,
      "height": 48
    },
    "rotated": false,
    "capInsets": [
      0,
      0,
      0,
      0
    ],
    "vertices": {
      "rawPosition": [
        -164,
        -24,
        0,
        164,
        -24,
        0,
        -164,
        24,
        0,
        164,
        24,
        0
      ],
      "indexes": [
        0,
        1,
        2,
        2,
        1,
        3
      ],
      "uv": [
        0,
        48,
        328,
        48,
        0,
        0,
        328,
        0
      ],
      "nuv": [
        0,
        0,
        1,
        0,
        0,
        1,
        1,
        1
      ],
      "minPos": {
        "x": -164,
        "y": -24,
        "z": 0
      },
      "maxPos": {
        "x": 164,
        "y": 24,
        "z": 0
      }
    },
    "texture": "e033acd2-ad7f-464b-8579-a0eede0151d8@6c48a",
    "packable": true,
    "pixelsToUnit": 100,
    "pivot": {
      "x": 0.5,
      "y": 0.5
    },
    "meshType": 0
  }
}