[
  {
    "__type__": "cc.animation.AnimationGraph",
    "_name": "",
    "_objFlags": 0,
    "_native": "",
    "_layers": [
      {
        "__id__": 1
      }
    ],
    "_variables": {}
  },
  {
    "__type__": "cc.animation.Layer",
    "_stateMachine": {
      "__id__": 2
    },
    "name": "",
    "weight": 1,
    "mask": null
  },
  {
    "__type__": "cc.animation.StateMachine",
    "_states": [
      {
        "__id__": 3
      },
      {
        "__id__": 4
      },
      {
        "__id__": 5
      }
    ],
    "_transitions": [],
    "_entryState": {
      "__id__": 3
    },
    "_exitState": {
      "__id__": 4
    },
    "_anyState": {
      "__id__": 5
    }
  },
  {
    "__type__": "cc.animation.State",
    "name": "Entry"
  },
  {
    "__type__": "cc.animation.State",
    "name": "Exit"
  },
  {
    "__type__": "cc.animation.State",
    "name": "Any"
  }
]