{
  "__type__": "cc.SpriteFrame",
  "content": {
    "name": "弹窗",
    "atlas": "",
    "rect": {
      "x": 0,
      "y": 0,
      "width": 254,
      "height": 103
    },
    "offset": {
      "x": 0,
      "y": 0.5
    },
    "originalSize": {
      "width": 254,
      "height": 104
    },
    "rotated": false,
    "capInsets": [
      0,
      0,
      0,
      0
    ],
    "vertices": {
      "rawPosition": [
        -127,
        -51.5,
        0,
        127,
        -51.5,
        0,
        -127,
        51.5,
        0,
        127,
        51.5,
        0
      ],
      "indexes": [
        0,
        1,
        2,
        2,
        1,
        3
      ],
      "uv": [
        0,
        104,
        254,
        104,
        0,
        1,
        254,
        1
      ],
      "nuv": [
        0,
        0.009615384615384616,
        1,
        0.009615384615384616,
        0,
        1,
        1,
        1
      ],
      "minPos": {
        "x": -127,
        "y": -51.5,
        "z": 0
      },
      "maxPos": {
        "x": 127,
        "y": 51.5,
        "z": 0
      }
    },
    "texture": "ac0690c2-b8f9-4919-ae65-df0ce4211bf1@6c48a",
    "packable": true,
    "pixelsToUnit": 100,
    "pivot": {
      "x": 0.5,
      "y": 0.5
    },
    "meshType": 0
  }
}