{
  "version": "1.0.1",
  "map": {
    "textures.meta": {
      "time": 1756968426788.5898
    },
    "textures": {
      "time": 1756968494411.5713,
      "uuid": "97aa569d-c7d9-4b77-8254-4e5d706ddf5a"
    },
    "textures/匹配功能.meta": {
      "time": 1756957637950.3992
    },
    "textures/匹配功能": {
      "time": 1756957637945.7559,
      "uuid": "a7b17124-15f8-4e62-8dc4-a3121a532983"
    },
    "textures/匹配功能/匹配按钮.png.meta": {
      "time": 1756957637966.8594
    },
    "textures/匹配功能/匹配按钮.png": {
      "time": 1756957637941.6199,
      "uuid": "a0998a2a-8ccc-42ac-a011-e7bb9274af7e"
    },
    "textures/底部对话框.meta": {
      "time": 1756957637950.5513
    },
    "textures/底部对话框": {
      "time": 1756957637949.1938,
      "uuid": "66c2c196-a1f0-4797-ba82-e71e071d7de3"
    },
    "textures/匹配功能/弹窗.png.meta": {
      "time": 1756957637969.599
    },
    "textures/匹配功能/弹窗.png": {
      "time": 1756957637941.2788,
      "uuid": "ac0690c2-b8f9-4919-ae65-df0ce4211bf1"
    },
    "textures/匹配功能/聊天按钮.png.meta": {
      "time": 1756957637967.0852
    },
    "textures/匹配功能/聊天按钮.png": {
      "time": 1756957637940.9937,
      "uuid": "fe37bff5-039c-451a-85ab-fbce483bd351"
    },
    "textures/底部对话框/任务1（默认）.png.meta": {
      "time": 1756957638036.1848
    },
    "textures/底部对话框/任务1（默认）.png": {
      "time": 1756957637933.1042,
      "uuid": "4cafb999-7388-4535-b1c5-bef9f8a97705"
    },
    "textures/底部对话框/任务1（选中）.png.meta": {
      "time": 1756957638030.6472
    },
    "textures/底部对话框/任务1（选中）.png": {
      "time": 1756957637933.335,
      "uuid": "066e6207-37c3-4cf9-8e04-ee62dde26d60"
    },
    "textures/底部对话框/DOUDOU形象（后续会有点击交互功能 这块逻辑可以之后再写）.png.meta": {
      "time": 1756957638031.5466
    },
    "textures/底部对话框/DOUDOU形象（后续会有点击交互功能 这块逻辑可以之后再写）.png": {
      "time": 1756957637933.7048,
      "uuid": "d3bfe423-671a-44bf-a37a-e7e633bb91a2"
    },
    "textures/底部对话框/任务2（默认）.png.meta": {
      "time": 1756957638046.2983
    },
    "textures/底部对话框/任务2（默认）.png": {
      "time": 1756957637932.2253,
      "uuid": "91a827b4-e85d-48f9-8b00-5bc04bfbd0c8"
    },
    "textures/底部对话框/任务2（选中）.png.meta": {
      "time": 1756957638037.3088
    },
    "textures/底部对话框/任务2（选中）.png": {
      "time": 1756957637932.6973,
      "uuid": "bced7064-8ed3-4b67-a71c-a770809f7230"
    },
    "textures/底部对话框/任务3（选中）.png.meta": {
      "time": 1756957638045.916
    },
    "textures/底部对话框/任务3（选中）.png": {
      "time": 1756957637931.8352,
      "uuid": "f35531d1-16f4-438e-8922-ea285cf6ce50"
    },
    "textures/底部对话框/任务3（默认）.png.meta": {
      "time": 1756957638047.8843
    },
    "textures/底部对话框/任务3（默认）.png": {
      "time": 1756957637931.6091,
      "uuid": "52fcc1d5-43a3-40f7-9af5-22dc1dedc5df"
    },
    "textures/底部对话框/任务详情.png.meta": {
      "time": 1756957638049.4434
    },
    "textures/底部对话框/任务详情.png": {
      "time": 1756957637931.318,
      "uuid": "d1da4216-c80a-4cf8-ba7d-5009b6205f38"
    },
    "textures/底部对话框/完成按钮.png.meta": {
      "time": 1756957638053.4993
    },
    "textures/底部对话框/完成按钮.png": {
      "time": 1756957637930.9536,
      "uuid": "9d4a5574-d519-4d6c-bb0f-cb875860f1f5"
    },
    "textures/底部对话框/放弃按钮.png.meta": {
      "time": 1756957638055.5603
    },
    "textures/底部对话框/放弃按钮.png": {
      "time": 1756957637930.7063,
      "uuid": "d3439040-1d9e-4400-8459-2159a3e236d5"
    },
    "textures/底部对话框/标签2.png.meta": {
      "time": 1756957638057.6206
    },
    "textures/底部对话框/标签2.png": {
      "time": 1756957637930.1243,
      "uuid": "4e05a03c-46d5-48b7-bc5a-7f92e4ad83c1"
    },
    "textures/底部对话框/标签1.png.meta": {
      "time": 1756957638055.7449
    },
    "textures/底部对话框/标签1.png": {
      "time": 1756957637930.4333,
      "uuid": "f6bf31f8-2daf-4e9f-b1ad-c9df7cfcec2f"
    },
    "textures/底部对话框/标签3.png.meta": {
      "time": 1756957638057.125
    },
    "textures/底部对话框/标签3.png": {
      "time": 1756957637929.8806,
      "uuid": "94ed67cb-c008-4854-8506-e50bc3ef5dcb"
    },
    "textures/底部对话框/语音按钮.png.meta": {
      "time": 1756957638065.3276
    },
    "textures/底部对话框/语音按钮.png": {
      "time": 1756957637928.8696,
      "uuid": "405f95bb-1bb6-4365-9ba3-44cf35765907"
    },
    "textures/对话框（展开）.meta": {
      "time": 1756957637950.5063
    },
    "textures/对话框（展开）": {
      "time": 1756957637947.6272,
      "uuid": "970c6b26-4810-47f4-89b7-eb63d4b56cf4"
    },
    "textures/底部对话框/聊天框背景板（默认状态）.png.meta": {
      "time": 1756957638064.7473
    },
    "textures/底部对话框/聊天框背景板（默认状态）.png": {
      "time": 1756957637929.5286,
      "uuid": "ba41e23b-a4be-4b07-b4a1-dcc600c99394"
    },
    "textures/底部对话框/输入框.png.meta": {
      "time": 1756957638063.7986
    },
    "textures/底部对话框/输入框.png": {
      "time": 1756957637928.2827,
      "uuid": "e033acd2-ad7f-464b-8579-a0eede0151d8"
    },
    "textures/对话框（展开）/icon1.png.meta": {
      "time": 1756957638000.199
    },
    "textures/对话框（展开）/icon1.png": {
      "time": 1756957637936.7117,
      "uuid": "189ec557-adda-4848-9f7a-4bef885e37a8"
    },
    "textures/对话框（展开）/icon2.png.meta": {
      "time": 1756957638004.5364
    },
    "textures/对话框（展开）/icon2.png": {
      "time": 1756957637936.5,
      "uuid": "d1438057-bb40-42ff-bfd0-60655647ef24"
    },
    "textures/对话框（展开）/icon3.png.meta": {
      "time": 1756957638009.8894
    },
    "textures/对话框（展开）/icon3.png": {
      "time": 1756957637936.3184,
      "uuid": "3cddd707-f140-4383-bd2c-90915ce8aa58"
    },
    "textures/对话框（展开）/任务类型1.png.meta": {
      "time": 1756957638010.8154
    },
    "textures/对话框（展开）/任务类型1.png": {
      "time": 1756957637936.1047,
      "uuid": "70bfd6c1-6591-4b6b-b39a-ba671a4afa9b"
    },
    "textures/对话框（展开）/任务类型2.png.meta": {
      "time": 1756957638011.1208
    },
    "textures/对话框（展开）/任务类型2.png": {
      "time": 1756957637935.8914,
      "uuid": "5493656c-389c-48db-80ca-fca772d76bee"
    },
    "textures/对话框（展开）/任务类型3.png.meta": {
      "time": 1756957638016.307
    },
    "textures/对话框（展开）/任务类型3.png": {
      "time": 1756957637935.6885,
      "uuid": "c81d0c9f-6906-4e7c-8176-d589bb7cd1c7"
    },
    "textures/地图功能.meta": {
      "time": 1756957637950.4597
    },
    "textures/地图功能": {
      "time": 1756967448940.2588,
      "uuid": "bf9de4a8-caca-43c7-89c6-3f8a5ba56e9f"
    },
    "textures/对话框（展开）/开场提示语（后续增加基于不同时段提供不同提示语的逻辑）.png.meta": {
      "time": 1756957638016.4631
    },
    "textures/对话框（展开）/开场提示语（后续增加基于不同时段提供不同提示语的逻辑）.png": {
      "time": 1756957637935.4558,
      "uuid": "334b4ae5-b295-4740-92e0-4eb903ef0ae5"
    },
    "textures/对话框（展开）/聊天框背景板（展开状态）.png.meta": {
      "time": 1756957638041.5518
    },
    "textures/对话框（展开）/聊天框背景板（展开状态）.png": {
      "time": 1756957637935.0452,
      "uuid": "6a31c014-244e-4999-aa81-12209c9ebe88"
    },
    "textures/地图功能/主角路径.png.meta": {
      "time": 1756967448948.036
    },
    "textures/地图功能/主角路径.png": {
      "time": 1756967440990.9937,
      "uuid": "9b9e9b60-af2b-4333-b32a-8c250591f6a3"
    },
    "textures/地图功能/doudou.png.meta": {
      "time": 1756957637969.4133
    },
    "textures/地图功能/doudou.png": {
      "time": 1756957637940.471,
      "uuid": "6f53cf49-797f-4c2a-9ba9-6dd91d9d7142"
    },
    "textures/地图功能/好友路径.png.meta": {
      "time": 1756957637968.8972
    },
    "textures/地图功能/好友路径.png": {
      "time": 1756957637940.1958,
      "uuid": "aaa2d342-9dc0-4f13-9da9-5c1835d79e4b"
    },
    "textures/地图功能/好友（后续可能替换）.png.meta": {
      "time": 1756957637980.5574
    },
    "textures/地图功能/好友（后续可能替换）.png": {
      "time": 1756957637939.867,
      "uuid": "99d20533-7580-4cf3-b1fe-5b5b5fd5e8f9"
    },
    "textures/地图功能/目标栏.png.meta": {
      "time": 1756957637978.0474
    },
    "textures/地图功能/目标栏.png": {
      "time": 1756957637939.4685,
      "uuid": "6cf90839-04f4-4da4-9132-3d2444fe3446"
    },
    "textures/地图功能/目标火花.png.meta": {
      "time": 1756957637979.545
    },
    "textures/地图功能/目标火花.png": {
      "time": 1756957637939.1812,
      "uuid": "2b1da796-62bc-4604-aeac-3e319e179814"
    },
    "textures/地图功能/粉色格子.png.meta": {
      "time": 1756957637979.0007
    },
    "textures/地图功能/粉色格子.png": {
      "time": 1756957637938.8374,
      "uuid": "de8abcf0-3023-402f-a9d8-ced701fe00ae"
    },
    "textures/地图功能/绿色格子.png.meta": {
      "time": 1756957637979.3804
    },
    "textures/地图功能/绿色格子.png": {
      "time": 1756957637938.605,
      "uuid": "bb3bd8f8-b0ec-4d5d-b3bc-9021d27ecdd0"
    },
    "textures/地图功能/蓝色格子.png.meta": {
      "time": 1756957638004.2466
    },
    "textures/地图功能/蓝色格子.png": {
      "time": 1756957637937.344,
      "uuid": "d7bc8dc1-57ae-4bc4-83aa-f466a7e06e76"
    },
    "textures/待办任务.meta": {
      "time": 1756957637950.7942
    },
    "textures/待办任务": {
      "time": 1756957637949.2861,
      "uuid": "44ac6828-4314-48b4-aadc-b6b2fdc1a41b"
    },
    "textures/地图功能/背景网格.png.meta": {
      "time": 1756957638006.2368
    },
    "textures/地图功能/背景网格.png": {
      "time": 1756957637938.406,
      "uuid": "a867d624-d58b-488c-aef0-c4a1b6bb7ad3"
    },
    "textures/地图功能/背景色.png.meta": {
      "time": 1756957638006.4177
    },
    "textures/地图功能/背景色.png": {
      "time": 1756957637938.155,
      "uuid": "38a08705-0acf-43dc-8387-c2bcf0e45a7f"
    },
    "textures/待办任务/待办任务按钮.png.meta": {
      "time": 1756957638064.2903
    },
    "textures/待办任务/待办任务按钮.png": {
      "time": 1756957637927.5024,
      "uuid": "e2b1fc11-36b7-4ff9-beb9-b9c7894a25fe"
    },
    "scenes.meta": {
      "time": 1756968485609.6785
    },
    "scenes": {
      "time": 1756968508055.3806,
      "uuid": "e55f6964-80df-4c67-bb33-0f299bc391e8"
    },
    "scenes/Main.scene.meta": {
      "time": 1756967891858.5842
    },
    "scenes/Main.scene": {
      "time": 1757089762196.754,
      "uuid": "6df29c50-934a-48a0-8706-79312a944619"
    },
    "scripts.meta": {
      "time": 1756968519354.2524
    },
    "scripts": {
      "time": 1756970972380.5295,
      "uuid": "47a36922-3f74-4e64-b317-ee024dcbab08"
    },
    "scripts/Player.ts.meta": {
      "time": 1756969006599.579
    },
    "scripts/Player.ts": {
      "time": 1756969999244.6953,
      "uuid": "99631171-71b3-49c3-858e-961c9320696d"
    },
    "scripts/MapManager.ts.meta": {
      "time": 1756969335436.4253
    },
    "scripts/UIManager.ts.meta": {
      "time": 1756969335436.6345
    },
    "scripts/MapManager.ts": {
      "time": 1756970510476.3127,
      "uuid": "da3a4b0b-2a66-4fbb-9485-94e5446aac44"
    },
    "scripts/UIManager.ts": {
      "time": 1756971005462.6047,
      "uuid": "cec19aaa-ca10-422f-b957-94d0507fe901"
    },
    "scripts/GameManager.ts.meta": {
      "time": 1756969504947.437
    },
    "scripts/InteractionSystem.ts.meta": {
      "time": 1756969504947.754
    },
    "scripts/TaskSystem.ts.meta": {
      "time": 1756969504947.9285
    },
    "scripts/GameManager.ts": {
      "time": 1756969556252.1672,
      "uuid": "0239045f-fbc0-4f5d-a5d0-9209121bd6f4"
    },
    "scripts/InteractionSystem.ts": {
      "time": 1756969556247.4016,
      "uuid": "d929d61f-8a4c-4707-bdf8-19522c614ada"
    },
    "scripts/TaskSystem.ts": {
      "time": 1756969556247.2783,
      "uuid": "e747cf45-8262-4c6d-b421-61f08acb23cc"
    },
    "scripts/TaskPopupManager.ts.meta": {
      "time": 1756970972384.6755
    },
    "scripts/TaskPopupManager.ts": {
      "time": 1756971025375.8167,
      "uuid": "c036b789-ae37-4fe5-b651-5db3370fb336"
    }
  },
  "missing": {}
}
