{
  "50f70650-a5c2-4842-8467-8cdfa37ac5a2": {
    "url": "db://assets/%image%Frame 35.svg",
    "value": {},
    "versionCode": 1
  },
  "9c5eaa48-726d-4270-8821-ea888bdbe417": {
    "url": "db://assets/Component 1.png",
    "value": {},
    "versionCode": 1
  },
  "9c5eaa48-726d-4270-8821-ea888bdbe417@6c48a": {
    "url": "db://assets/Component 1.png@6c48a",
    "value": {
      "depends": [
        "9c5eaa48-726d-4270-8821-ea888bdbe417"
      ]
    },
    "versionCode": 1
  },
  "9c5eaa48-726d-4270-8821-ea888bdbe417@f9941": {
    "url": "db://assets/Component 1.png@f9941",
    "value": {
      "depends": [
        "9c5eaa48-726d-4270-8821-ea888bdbe417@6c48a"
      ]
    },
    "versionCode": 1
  },
  "4631b8b0-43be-4a0a-9d4b-dfba31c32bdf": {
    "url": "db://assets/Frame 41.png",
    "value": {},
    "versionCode": 1
  },
  "4631b8b0-43be-4a0a-9d4b-dfba31c32bdf@6c48a": {
    "url": "db://assets/Frame 41.png@6c48a",
    "value": {
      "depends": [
        "4631b8b0-43be-4a0a-9d4b-dfba31c32bdf"
      ]
    },
    "versionCode": 1
  },
  "4631b8b0-43be-4a0a-9d4b-dfba31c32bdf@f9941": {
    "url": "db://assets/Frame 41.png@f9941",
    "value": {
      "depends": [
        "4631b8b0-43be-4a0a-9d4b-dfba31c32bdf@6c48a"
      ]
    },
    "versionCode": 1
  },
  "eb893646-a5cd-406e-b73a-cafd412bd41e": {
    "url": "db://assets/Frame 2120455040.png",
    "value": {},
    "versionCode": 1
  },
  "eb893646-a5cd-406e-b73a-cafd412bd41e@6c48a": {
    "url": "db://assets/Frame 2120455040.png@6c48a",
    "value": {
      "depends": [
        "eb893646-a5cd-406e-b73a-cafd412bd41e"
      ]
    },
    "versionCode": 1
  },
  "eb893646-a5cd-406e-b73a-cafd412bd41e@f9941": {
    "url": "db://assets/Frame 2120455040.png@f9941",
    "value": {
      "depends": [
        "eb893646-a5cd-406e-b73a-cafd412bd41e@6c48a"
      ]
    },
    "versionCode": 1
  },
  "d031549d-f020-418e-92d7-667c20e41ea2": {
    "url": "db://assets/Frame 2120455045.png",
    "value": {},
    "versionCode": 1
  },
  "d031549d-f020-418e-92d7-667c20e41ea2@6c48a": {
    "url": "db://assets/Frame 2120455045.png@6c48a",
    "value": {
      "depends": [
        "d031549d-f020-418e-92d7-667c20e41ea2"
      ]
    },
    "versionCode": 1
  },
  "d031549d-f020-418e-92d7-667c20e41ea2@f9941": {
    "url": "db://assets/Frame 2120455045.png@f9941",
    "value": {
      "depends": [
        "d031549d-f020-418e-92d7-667c20e41ea2@6c48a"
      ]
    },
    "versionCode": 1
  },
  "bf00da73-024f-4981-bfab-d5e3a267bc6d": {
    "url": "db://assets/Frame 2120455046.png",
    "value": {},
    "versionCode": 1
  },
  "bf00da73-024f-4981-bfab-d5e3a267bc6d@6c48a": {
    "url": "db://assets/Frame 2120455046.png@6c48a",
    "value": {
      "depends": [
        "bf00da73-024f-4981-bfab-d5e3a267bc6d"
      ]
    },
    "versionCode": 1
  },
  "bf00da73-024f-4981-bfab-d5e3a267bc6d@f9941": {
    "url": "db://assets/Frame 2120455046.png@f9941",
    "value": {
      "depends": [
        "bf00da73-024f-4981-bfab-d5e3a267bc6d@6c48a"
      ]
    },
    "versionCode": 1
  },
  "820c4ab0-e0c7-405f-ac64-cbdcbfd21b12": {
    "url": "db://assets/Frame 2120455047.png",
    "value": {},
    "versionCode": 1
  },
  "820c4ab0-e0c7-405f-ac64-cbdcbfd21b12@6c48a": {
    "url": "db://assets/Frame 2120455047.png@6c48a",
    "value": {
      "depends": [
        "820c4ab0-e0c7-405f-ac64-cbdcbfd21b12"
      ]
    },
    "versionCode": 1
  },
  "820c4ab0-e0c7-405f-ac64-cbdcbfd21b12@f9941": {
    "url": "db://assets/Frame 2120455047.png@f9941",
    "value": {
      "depends": [
        "820c4ab0-e0c7-405f-ac64-cbdcbfd21b12@6c48a"
      ]
    },
    "versionCode": 1
  },
  "978734b0-8548-42c4-a8a1-6e295f2c3a3c": {
    "url": "db://assets/Group 18.png",
    "value": {},
    "versionCode": 1
  },
  "978734b0-8548-42c4-a8a1-6e295f2c3a3c@6c48a": {
    "url": "db://assets/Group 18.png@6c48a",
    "value": {
      "depends": [
        "978734b0-8548-42c4-a8a1-6e295f2c3a3c"
      ]
    },
    "versionCode": 1
  },
  "978734b0-8548-42c4-a8a1-6e295f2c3a3c@f9941": {
    "url": "db://assets/Group 18.png@f9941",
    "value": {
      "depends": [
        "978734b0-8548-42c4-a8a1-6e295f2c3a3c@6c48a"
      ]
    },
    "versionCode": 1
  },
  "5670f863-22af-4d15-9faa-1f4eac91cc18": {
    "url": "db://assets/Polygon 53.png",
    "value": {},
    "versionCode": 1
  },
  "5670f863-22af-4d15-9faa-1f4eac91cc18@6c48a": {
    "url": "db://assets/Polygon 53.png@6c48a",
    "value": {
      "depends": [
        "5670f863-22af-4d15-9faa-1f4eac91cc18"
      ]
    },
    "versionCode": 1
  },
  "5670f863-22af-4d15-9faa-1f4eac91cc18@f9941": {
    "url": "db://assets/Polygon 53.png@f9941",
    "value": {
      "depends": [
        "5670f863-22af-4d15-9faa-1f4eac91cc18@6c48a"
      ]
    },
    "versionCode": 1
  },
  "5976ee42-7671-4694-a2a1-cf29269e8fd5": {
    "url": "db://assets/Polygon 54.png",
    "value": {},
    "versionCode": 1
  },
  "5976ee42-7671-4694-a2a1-cf29269e8fd5@6c48a": {
    "url": "db://assets/Polygon 54.png@6c48a",
    "value": {
      "depends": [
        "5976ee42-7671-4694-a2a1-cf29269e8fd5"
      ]
    },
    "versionCode": 1
  },
  "5976ee42-7671-4694-a2a1-cf29269e8fd5@f9941": {
    "url": "db://assets/Polygon 54.png@f9941",
    "value": {
      "depends": [
        "5976ee42-7671-4694-a2a1-cf29269e8fd5@6c48a"
      ]
    },
    "versionCode": 1
  },
  "66f6c2f7-64df-40c9-afad-7af5b1180424": {
    "url": "db://assets/Polygon 55.png",
    "value": {},
    "versionCode": 1
  },
  "66f6c2f7-64df-40c9-afad-7af5b1180424@6c48a": {
    "url": "db://assets/Polygon 55.png@6c48a",
    "value": {
      "depends": [
        "66f6c2f7-64df-40c9-afad-7af5b1180424"
      ]
    },
    "versionCode": 1
  },
  "66f6c2f7-64df-40c9-afad-7af5b1180424@f9941": {
    "url": "db://assets/Polygon 55.png@f9941",
    "value": {
      "depends": [
        "66f6c2f7-64df-40c9-afad-7af5b1180424@6c48a"
      ]
    },
    "versionCode": 1
  },
  "2b96cb64-f75e-4a4c-bbda-7a3f5f11faa5": {
    "url": "db://assets/Polygon 56.png",
    "value": {},
    "versionCode": 1
  },
  "2b96cb64-f75e-4a4c-bbda-7a3f5f11faa5@6c48a": {
    "url": "db://assets/Polygon 56.png@6c48a",
    "value": {
      "depends": [
        "2b96cb64-f75e-4a4c-bbda-7a3f5f11faa5"
      ]
    },
    "versionCode": 1
  },
  "2b96cb64-f75e-4a4c-bbda-7a3f5f11faa5@f9941": {
    "url": "db://assets/Polygon 56.png@f9941",
    "value": {
      "depends": [
        "2b96cb64-f75e-4a4c-bbda-7a3f5f11faa5@6c48a"
      ]
    },
    "versionCode": 1
  },
  "6566a906-e6ff-4351-8d2a-45431198c219": {
    "url": "db://assets/31485ae0c02bd47846dffea7de140982.png",
    "value": {},
    "versionCode": 1
  },
  "6566a906-e6ff-4351-8d2a-45431198c219@6c48a": {
    "url": "db://assets/31485ae0c02bd47846dffea7de140982.png@6c48a",
    "value": {
      "depends": [
        "6566a906-e6ff-4351-8d2a-45431198c219"
      ]
    },
    "versionCode": 1
  },
  "6566a906-e6ff-4351-8d2a-45431198c219@f9941": {
    "url": "db://assets/31485ae0c02bd47846dffea7de140982.png@f9941",
    "value": {
      "depends": [
        "6566a906-e6ff-4351-8d2a-45431198c219@6c48a"
      ]
    },
    "versionCode": 1
  },
  "6a0310f4-56b9-411b-8039-316f03f8a21c": {
    "url": "db://assets/assets/0190bb90dc586fa0bc0f58d84801e3ba.png",
    "value": {},
    "versionCode": 1
  },
  "f48fba6a-cfcf-4985-9ba0-e958302e86de": {
    "url": "db://assets/assets/326cbb3078b7da7927e3f57a5fd403ba.png",
    "value": {},
    "versionCode": 1
  },
  "56ec5fa3-88b6-46c9-a365-de8f25de77ab": {
    "url": "db://assets/assets/569d5cadd04cc06e07a76db53a29b90d.png",
    "value": {},
    "versionCode": 1
  },
  "3a832384-ff23-4d47-a919-889d576e41cf": {
    "url": "db://assets/assets/5e6ced7910852a7f71fa6cf70e86dbe7.png",
    "value": {},
    "versionCode": 1
  },
  "39718bfc-52e7-43f2-a685-c57a3469c247": {
    "url": "db://assets/assets",
    "value": {},
    "versionCode": 1
  },
  "3734f0e4-36a9-4373-ab95-8490e00927ee": {
    "url": "db://assets/assets/9131de5bf8a62a50fb70b23b95d13046.png",
    "value": {},
    "versionCode": 1
  },
  "6a0310f4-56b9-411b-8039-316f03f8a21c@6c48a": {
    "url": "db://assets/assets/0190bb90dc586fa0bc0f58d84801e3ba.png@6c48a",
    "value": {
      "depends": [
        "6a0310f4-56b9-411b-8039-316f03f8a21c"
      ]
    },
    "versionCode": 1
  },
  "56ec5fa3-88b6-46c9-a365-de8f25de77ab@6c48a": {
    "url": "db://assets/assets/569d5cadd04cc06e07a76db53a29b90d.png@6c48a",
    "value": {
      "depends": [
        "56ec5fa3-88b6-46c9-a365-de8f25de77ab"
      ]
    },
    "versionCode": 1
  },
  "3734f0e4-36a9-4373-ab95-8490e00927ee@6c48a": {
    "url": "db://assets/assets/9131de5bf8a62a50fb70b23b95d13046.png@6c48a",
    "value": {
      "depends": [
        "3734f0e4-36a9-4373-ab95-8490e00927ee"
      ]
    },
    "versionCode": 1
  },
  "f48fba6a-cfcf-4985-9ba0-e958302e86de@6c48a": {
    "url": "db://assets/assets/326cbb3078b7da7927e3f57a5fd403ba.png@6c48a",
    "value": {
      "depends": [
        "f48fba6a-cfcf-4985-9ba0-e958302e86de"
      ]
    },
    "versionCode": 1
  },
  "6a0310f4-56b9-411b-8039-316f03f8a21c@f9941": {
    "url": "db://assets/assets/0190bb90dc586fa0bc0f58d84801e3ba.png@f9941",
    "value": {
      "depends": [
        "6a0310f4-56b9-411b-8039-316f03f8a21c@6c48a"
      ]
    },
    "versionCode": 1
  },
  "3d36b604-a250-4f3b-a8da-e14095e664f2": {
    "url": "db://assets/assets/a6fd04eaec73c7a1703f113372c57d8f.png",
    "value": {},
    "versionCode": 1
  },
  "56ec5fa3-88b6-46c9-a365-de8f25de77ab@f9941": {
    "url": "db://assets/assets/569d5cadd04cc06e07a76db53a29b90d.png@f9941",
    "value": {
      "depends": [
        "56ec5fa3-88b6-46c9-a365-de8f25de77ab@6c48a"
      ]
    },
    "versionCode": 1
  },
  "f48fba6a-cfcf-4985-9ba0-e958302e86de@f9941": {
    "url": "db://assets/assets/326cbb3078b7da7927e3f57a5fd403ba.png@f9941",
    "value": {
      "depends": [
        "f48fba6a-cfcf-4985-9ba0-e958302e86de@6c48a"
      ]
    },
    "versionCode": 1
  },
  "6f9c7ff1-c605-4368-a3d1-293b1d112ef3": {
    "url": "db://assets/assets/c0fc7877ae91c6aeed8aa53fe9314686.png",
    "value": {},
    "versionCode": 1
  },
  "ec3ea69c-1c68-4683-8666-4e983f5613d4": {
    "url": "db://assets/assets/cbb6355df6820de7b4dfc56c370c0744.png",
    "value": {},
    "versionCode": 1
  },
  "3734f0e4-36a9-4373-ab95-8490e00927ee@f9941": {
    "url": "db://assets/assets/9131de5bf8a62a50fb70b23b95d13046.png@f9941",
    "value": {
      "depends": [
        "3734f0e4-36a9-4373-ab95-8490e00927ee@6c48a"
      ]
    },
    "versionCode": 1
  },
  "3a832384-ff23-4d47-a919-889d576e41cf@6c48a": {
    "url": "db://assets/assets/5e6ced7910852a7f71fa6cf70e86dbe7.png@6c48a",
    "value": {
      "depends": [
        "3a832384-ff23-4d47-a919-889d576e41cf"
      ]
    },
    "versionCode": 1
  },
  "3d36b604-a250-4f3b-a8da-e14095e664f2@6c48a": {
    "url": "db://assets/assets/a6fd04eaec73c7a1703f113372c57d8f.png@6c48a",
    "value": {
      "depends": [
        "3d36b604-a250-4f3b-a8da-e14095e664f2"
      ]
    },
    "versionCode": 1
  },
  "3a832384-ff23-4d47-a919-889d576e41cf@f9941": {
    "url": "db://assets/assets/5e6ced7910852a7f71fa6cf70e86dbe7.png@f9941",
    "value": {
      "depends": [
        "3a832384-ff23-4d47-a919-889d576e41cf@6c48a"
      ]
    },
    "versionCode": 1
  },
  "3d36b604-a250-4f3b-a8da-e14095e664f2@f9941": {
    "url": "db://assets/assets/a6fd04eaec73c7a1703f113372c57d8f.png@f9941",
    "value": {
      "depends": [
        "3d36b604-a250-4f3b-a8da-e14095e664f2@6c48a"
      ]
    },
    "versionCode": 1
  },
  "ec3ea69c-1c68-4683-8666-4e983f5613d4@6c48a": {
    "url": "db://assets/assets/cbb6355df6820de7b4dfc56c370c0744.png@6c48a",
    "value": {
      "depends": [
        "ec3ea69c-1c68-4683-8666-4e983f5613d4"
      ]
    },
    "versionCode": 1
  },
  "6f9c7ff1-c605-4368-a3d1-293b1d112ef3@6c48a": {
    "url": "db://assets/assets/c0fc7877ae91c6aeed8aa53fe9314686.png@6c48a",
    "value": {
      "depends": [
        "6f9c7ff1-c605-4368-a3d1-293b1d112ef3"
      ]
    },
    "versionCode": 1
  },
  "ec3ea69c-1c68-4683-8666-4e983f5613d4@f9941": {
    "url": "db://assets/assets/cbb6355df6820de7b4dfc56c370c0744.png@f9941",
    "value": {
      "depends": [
        "ec3ea69c-1c68-4683-8666-4e983f5613d4@6c48a"
      ]
    },
    "versionCode": 1
  },
  "6f9c7ff1-c605-4368-a3d1-293b1d112ef3@f9941": {
    "url": "db://assets/assets/c0fc7877ae91c6aeed8aa53fe9314686.png@f9941",
    "value": {
      "depends": [
        "6f9c7ff1-c605-4368-a3d1-293b1d112ef3@6c48a"
      ]
    },
    "versionCode": 1
  },
  "5d982bdd-81d6-4b12-a288-80c72e557399": {
    "url": "db://assets/Scripts/PlayerController.ts",
    "value": {},
    "versionCode": 1
  },
  "6f8a1085-6fb0-4f2f-bb91-8bf326412da7": {
    "url": "db://assets/Scripts",
    "value": {},
    "versionCode": 1
  },
  "694f2b5f-1632-4b90-ac03-cd9c8012ba2b": {
    "url": "db://assets/Prefab",
    "value": {},
    "versionCode": 1
  },
  "dc99c48d-d0ea-4ffa-bd29-b9a9780ec501": {
    "url": "db://assets/Prefab/Box.prefab",
    "value": {},
    "versionCode": 1
  },
  "77e14c09-ce15-44b5-a089-1c8f1787eaff": {
    "url": "db://assets/Scene",
    "value": {},
    "versionCode": 1
  },
  "2992b421-822c-46a4-867c-3410dd1a1616": {
    "url": "db://assets/Prefab.prefab",
    "value": {},
    "versionCode": 1
  },
  "4c395115-e5bc-4b9b-9b88-1492d99e59c8": {
    "url": "db://assets/Scene/scene.scene",
    "value": {},
    "versionCode": 1
  },
  "35bf81e9-5e3b-4dc0-8ad4-893e48611266": {
    "url": "db://assets/Scene/game.scene",
    "value": {},
    "versionCode": 1
  },
  "f97639c9-5948-475c-95aa-287c80ba19f2": {
    "url": "db://assets/Animation",
    "value": {},
    "versionCode": 1
  },
  "912d58b5-065e-4811-adf0-58eb00bee983": {
    "url": "db://assets/Animation/oneStep.anim",
    "value": {},
    "versionCode": 2
  },
  "cd78f7e4-aa2b-4101-a12c-5e1ed5003bb5": {
    "url": "db://assets/Animation/twoStep.anim",
    "value": {},
    "versionCode": 2
  },
  "7f678958-1261-4d2d-845b-c51eb64b5512": {
    "url": "db://assets/Scripts/GameManager.ts",
    "value": {},
    "versionCode": 1
  },
  "9e8180e6-4c32-4332-bd9b-51998bc707ad": {
    "url": "db://assets/Scripts/Node.prefab",
    "value": {},
    "versionCode": 1
  },
  "dd705d27-0b72-44ad-82ec-045f55aebd72": {
    "url": "db://assets/切图",
    "value": {},
    "versionCode": 1
  },
  "a7b17124-15f8-4e62-8dc4-a3121a532983": {
    "url": "db://assets/textures/匹配功能",
    "value": {},
    "versionCode": 1
  },
  "bf9de4a8-caca-43c7-89c6-3f8a5ba56e9f": {
    "url": "db://assets/textures/地图功能",
    "value": {},
    "versionCode": 1
  },
  "970c6b26-4810-47f4-89b7-eb63d4b56cf4": {
    "url": "db://assets/textures/对话框（展开）",
    "value": {},
    "versionCode": 1
  },
  "66c2c196-a1f0-4797-ba82-e71e071d7de3": {
    "url": "db://assets/textures/底部对话框",
    "value": {},
    "versionCode": 1
  },
  "44ac6828-4314-48b4-aadc-b6b2fdc1a41b": {
    "url": "db://assets/textures/待办任务",
    "value": {},
    "versionCode": 1
  },
  "a0998a2a-8ccc-42ac-a011-e7bb9274af7e": {
    "url": "db://assets/textures/匹配功能/匹配按钮.png",
    "value": {
      "depends": []
    },
    "versionCode": 1
  },
  "ac0690c2-b8f9-4919-ae65-df0ce4211bf1": {
    "url": "db://assets/textures/匹配功能/弹窗.png",
    "value": {
      "depends": []
    },
    "versionCode": 1
  },
  "fe37bff5-039c-451a-85ab-fbce483bd351": {
    "url": "db://assets/textures/匹配功能/聊天按钮.png",
    "value": {
      "depends": []
    },
    "versionCode": 1
  },
  "6f53cf49-797f-4c2a-9ba9-6dd91d9d7142": {
    "url": "db://assets/textures/地图功能/doudou.png",
    "value": {
      "depends": []
    },
    "versionCode": 1
  },
  "aaa2d342-9dc0-4f13-9da9-5c1835d79e4b": {
    "url": "db://assets/textures/地图功能/好友路径.png",
    "value": {
      "depends": []
    },
    "versionCode": 1
  },
  "a0998a2a-8ccc-42ac-a011-e7bb9274af7e@6c48a": {
    "url": "db://assets/textures/匹配功能/匹配按钮.png@6c48a",
    "value": {
      "depends": [
        "a0998a2a-8ccc-42ac-a011-e7bb9274af7e"
      ]
    },
    "versionCode": 1
  },
  "fe37bff5-039c-451a-85ab-fbce483bd351@6c48a": {
    "url": "db://assets/textures/匹配功能/聊天按钮.png@6c48a",
    "value": {
      "depends": [
        "fe37bff5-039c-451a-85ab-fbce483bd351"
      ]
    },
    "versionCode": 1
  },
  "6f53cf49-797f-4c2a-9ba9-6dd91d9d7142@6c48a": {
    "url": "db://assets/textures/地图功能/doudou.png@6c48a",
    "value": {
      "depends": [
        "6f53cf49-797f-4c2a-9ba9-6dd91d9d7142"
      ]
    },
    "versionCode": 1
  },
  "ac0690c2-b8f9-4919-ae65-df0ce4211bf1@6c48a": {
    "url": "db://assets/textures/匹配功能/弹窗.png@6c48a",
    "value": {
      "depends": [
        "ac0690c2-b8f9-4919-ae65-df0ce4211bf1"
      ]
    },
    "versionCode": 1
  },
  "aaa2d342-9dc0-4f13-9da9-5c1835d79e4b@6c48a": {
    "url": "db://assets/textures/地图功能/好友路径.png@6c48a",
    "value": {
      "depends": [
        "aaa2d342-9dc0-4f13-9da9-5c1835d79e4b"
      ]
    },
    "versionCode": 1
  },
  "a0998a2a-8ccc-42ac-a011-e7bb9274af7e@f9941": {
    "url": "db://assets/textures/匹配功能/匹配按钮.png@f9941",
    "value": {
      "depends": [
        "a0998a2a-8ccc-42ac-a011-e7bb9274af7e@6c48a"
      ]
    },
    "versionCode": 1
  },
  "fe37bff5-039c-451a-85ab-fbce483bd351@f9941": {
    "url": "db://assets/textures/匹配功能/聊天按钮.png@f9941",
    "value": {
      "depends": [
        "fe37bff5-039c-451a-85ab-fbce483bd351@6c48a"
      ]
    },
    "versionCode": 1
  },
  "99d20533-7580-4cf3-b1fe-5b5b5fd5e8f9": {
    "url": "db://assets/textures/地图功能/好友（后续可能替换）.png",
    "value": {
      "depends": []
    },
    "versionCode": 1
  },
  "6cf90839-04f4-4da4-9132-3d2444fe3446": {
    "url": "db://assets/textures/地图功能/目标栏.png",
    "value": {
      "depends": []
    },
    "versionCode": 1
  },
  "aaa2d342-9dc0-4f13-9da9-5c1835d79e4b@f9941": {
    "url": "db://assets/textures/地图功能/好友路径.png@f9941",
    "value": {
      "depends": [
        "aaa2d342-9dc0-4f13-9da9-5c1835d79e4b@6c48a"
      ]
    },
    "versionCode": 1
  },
  "2b1da796-62bc-4604-aeac-3e319e179814": {
    "url": "db://assets/textures/地图功能/目标火花.png",
    "value": {
      "depends": []
    },
    "versionCode": 1
  },
  "6f53cf49-797f-4c2a-9ba9-6dd91d9d7142@f9941": {
    "url": "db://assets/textures/地图功能/doudou.png@f9941",
    "value": {
      "depends": [
        "6f53cf49-797f-4c2a-9ba9-6dd91d9d7142@6c48a"
      ]
    },
    "versionCode": 1
  },
  "ac0690c2-b8f9-4919-ae65-df0ce4211bf1@f9941": {
    "url": "db://assets/textures/匹配功能/弹窗.png@f9941",
    "value": {
      "depends": [
        "ac0690c2-b8f9-4919-ae65-df0ce4211bf1@6c48a"
      ]
    },
    "versionCode": 1
  },
  "de8abcf0-3023-402f-a9d8-ced701fe00ae": {
    "url": "db://assets/textures/地图功能/粉色格子.png",
    "value": {
      "depends": []
    },
    "versionCode": 1
  },
  "bb3bd8f8-b0ec-4d5d-b3bc-9021d27ecdd0": {
    "url": "db://assets/textures/地图功能/绿色格子.png",
    "value": {
      "depends": []
    },
    "versionCode": 1
  },
  "6cf90839-04f4-4da4-9132-3d2444fe3446@6c48a": {
    "url": "db://assets/textures/地图功能/目标栏.png@6c48a",
    "value": {
      "depends": [
        "6cf90839-04f4-4da4-9132-3d2444fe3446"
      ]
    },
    "versionCode": 1
  },
  "de8abcf0-3023-402f-a9d8-ced701fe00ae@6c48a": {
    "url": "db://assets/textures/地图功能/粉色格子.png@6c48a",
    "value": {
      "depends": [
        "de8abcf0-3023-402f-a9d8-ced701fe00ae"
      ]
    },
    "versionCode": 1
  },
  "bb3bd8f8-b0ec-4d5d-b3bc-9021d27ecdd0@6c48a": {
    "url": "db://assets/textures/地图功能/绿色格子.png@6c48a",
    "value": {
      "depends": [
        "bb3bd8f8-b0ec-4d5d-b3bc-9021d27ecdd0"
      ]
    },
    "versionCode": 1
  },
  "2b1da796-62bc-4604-aeac-3e319e179814@6c48a": {
    "url": "db://assets/textures/地图功能/目标火花.png@6c48a",
    "value": {
      "depends": [
        "2b1da796-62bc-4604-aeac-3e319e179814"
      ]
    },
    "versionCode": 1
  },
  "99d20533-7580-4cf3-b1fe-5b5b5fd5e8f9@6c48a": {
    "url": "db://assets/textures/地图功能/好友（后续可能替换）.png@6c48a",
    "value": {
      "depends": [
        "99d20533-7580-4cf3-b1fe-5b5b5fd5e8f9"
      ]
    },
    "versionCode": 1
  },
  "6cf90839-04f4-4da4-9132-3d2444fe3446@f9941": {
    "url": "db://assets/textures/地图功能/目标栏.png@f9941",
    "value": {
      "depends": [
        "6cf90839-04f4-4da4-9132-3d2444fe3446@6c48a"
      ]
    },
    "versionCode": 1
  },
  "a867d624-d58b-488c-aef0-c4a1b6bb7ad3": {
    "url": "db://assets/textures/地图功能/背景网格.png",
    "value": {
      "depends": []
    },
    "versionCode": 1
  },
  "de8abcf0-3023-402f-a9d8-ced701fe00ae@f9941": {
    "url": "db://assets/textures/地图功能/粉色格子.png@f9941",
    "value": {
      "depends": [
        "de8abcf0-3023-402f-a9d8-ced701fe00ae@6c48a"
      ]
    },
    "versionCode": 1
  },
  "38a08705-0acf-43dc-8387-c2bcf0e45a7f": {
    "url": "db://assets/textures/地图功能/背景色.png",
    "value": {
      "depends": []
    },
    "versionCode": 1
  },
  "bb3bd8f8-b0ec-4d5d-b3bc-9021d27ecdd0@f9941": {
    "url": "db://assets/textures/地图功能/绿色格子.png@f9941",
    "value": {
      "depends": [
        "bb3bd8f8-b0ec-4d5d-b3bc-9021d27ecdd0@6c48a"
      ]
    },
    "versionCode": 1
  },
  "2b1da796-62bc-4604-aeac-3e319e179814@f9941": {
    "url": "db://assets/textures/地图功能/目标火花.png@f9941",
    "value": {
      "depends": [
        "2b1da796-62bc-4604-aeac-3e319e179814@6c48a"
      ]
    },
    "versionCode": 1
  },
  "d7bc8dc1-57ae-4bc4-83aa-f466a7e06e76": {
    "url": "db://assets/textures/地图功能/蓝色格子.png",
    "value": {
      "depends": []
    },
    "versionCode": 1
  },
  "189ec557-adda-4848-9f7a-4bef885e37a8": {
    "url": "db://assets/textures/对话框（展开）/icon1.png",
    "value": {
      "depends": []
    },
    "versionCode": 1
  },
  "99d20533-7580-4cf3-b1fe-5b5b5fd5e8f9@f9941": {
    "url": "db://assets/textures/地图功能/好友（后续可能替换）.png@f9941",
    "value": {
      "depends": [
        "99d20533-7580-4cf3-b1fe-5b5b5fd5e8f9@6c48a"
      ]
    },
    "versionCode": 1
  },
  "d1438057-bb40-42ff-bfd0-60655647ef24": {
    "url": "db://assets/textures/对话框（展开）/icon2.png",
    "value": {
      "depends": []
    },
    "versionCode": 1
  },
  "189ec557-adda-4848-9f7a-4bef885e37a8@6c48a": {
    "url": "db://assets/textures/对话框（展开）/icon1.png@6c48a",
    "value": {
      "depends": [
        "189ec557-adda-4848-9f7a-4bef885e37a8"
      ]
    },
    "versionCode": 1
  },
  "d7bc8dc1-57ae-4bc4-83aa-f466a7e06e76@6c48a": {
    "url": "db://assets/textures/地图功能/蓝色格子.png@6c48a",
    "value": {
      "depends": [
        "d7bc8dc1-57ae-4bc4-83aa-f466a7e06e76"
      ]
    },
    "versionCode": 1
  },
  "d1438057-bb40-42ff-bfd0-60655647ef24@6c48a": {
    "url": "db://assets/textures/对话框（展开）/icon2.png@6c48a",
    "value": {
      "depends": [
        "d1438057-bb40-42ff-bfd0-60655647ef24"
      ]
    },
    "versionCode": 1
  },
  "38a08705-0acf-43dc-8387-c2bcf0e45a7f@6c48a": {
    "url": "db://assets/textures/地图功能/背景色.png@6c48a",
    "value": {
      "depends": [
        "38a08705-0acf-43dc-8387-c2bcf0e45a7f"
      ]
    },
    "versionCode": 1
  },
  "189ec557-adda-4848-9f7a-4bef885e37a8@f9941": {
    "url": "db://assets/textures/对话框（展开）/icon1.png@f9941",
    "value": {
      "depends": [
        "189ec557-adda-4848-9f7a-4bef885e37a8@6c48a"
      ]
    },
    "versionCode": 1
  },
  "3cddd707-f140-4383-bd2c-90915ce8aa58": {
    "url": "db://assets/textures/对话框（展开）/icon3.png",
    "value": {
      "depends": []
    },
    "versionCode": 1
  },
  "a867d624-d58b-488c-aef0-c4a1b6bb7ad3@6c48a": {
    "url": "db://assets/textures/地图功能/背景网格.png@6c48a",
    "value": {
      "depends": [
        "a867d624-d58b-488c-aef0-c4a1b6bb7ad3"
      ]
    },
    "versionCode": 1
  },
  "d7bc8dc1-57ae-4bc4-83aa-f466a7e06e76@f9941": {
    "url": "db://assets/textures/地图功能/蓝色格子.png@f9941",
    "value": {
      "depends": [
        "d7bc8dc1-57ae-4bc4-83aa-f466a7e06e76@6c48a"
      ]
    },
    "versionCode": 1
  },
  "d1438057-bb40-42ff-bfd0-60655647ef24@f9941": {
    "url": "db://assets/textures/对话框（展开）/icon2.png@f9941",
    "value": {
      "depends": [
        "d1438057-bb40-42ff-bfd0-60655647ef24@6c48a"
      ]
    },
    "versionCode": 1
  },
  "70bfd6c1-6591-4b6b-b39a-ba671a4afa9b": {
    "url": "db://assets/textures/对话框（展开）/任务类型1.png",
    "value": {
      "depends": []
    },
    "versionCode": 1
  },
  "5493656c-389c-48db-80ca-fca772d76bee": {
    "url": "db://assets/textures/对话框（展开）/任务类型2.png",
    "value": {
      "depends": []
    },
    "versionCode": 1
  },
  "a867d624-d58b-488c-aef0-c4a1b6bb7ad3@f9941": {
    "url": "db://assets/textures/地图功能/背景网格.png@f9941",
    "value": {
      "depends": [
        "a867d624-d58b-488c-aef0-c4a1b6bb7ad3@6c48a"
      ]
    },
    "versionCode": 1
  },
  "38a08705-0acf-43dc-8387-c2bcf0e45a7f@f9941": {
    "url": "db://assets/textures/地图功能/背景色.png@f9941",
    "value": {
      "depends": [
        "38a08705-0acf-43dc-8387-c2bcf0e45a7f@6c48a"
      ]
    },
    "versionCode": 1
  },
  "c81d0c9f-6906-4e7c-8176-d589bb7cd1c7": {
    "url": "db://assets/textures/对话框（展开）/任务类型3.png",
    "value": {
      "depends": []
    },
    "versionCode": 1
  },
  "334b4ae5-b295-4740-92e0-4eb903ef0ae5": {
    "url": "db://assets/textures/对话框（展开）/开场提示语（后续增加基于不同时段提供不同提示语的逻辑）.png",
    "value": {
      "depends": []
    },
    "versionCode": 1
  },
  "3cddd707-f140-4383-bd2c-90915ce8aa58@6c48a": {
    "url": "db://assets/textures/对话框（展开）/icon3.png@6c48a",
    "value": {
      "depends": [
        "3cddd707-f140-4383-bd2c-90915ce8aa58"
      ]
    },
    "versionCode": 1
  },
  "70bfd6c1-6591-4b6b-b39a-ba671a4afa9b@6c48a": {
    "url": "db://assets/textures/对话框（展开）/任务类型1.png@6c48a",
    "value": {
      "depends": [
        "70bfd6c1-6591-4b6b-b39a-ba671a4afa9b"
      ]
    },
    "versionCode": 1
  },
  "5493656c-389c-48db-80ca-fca772d76bee@6c48a": {
    "url": "db://assets/textures/对话框（展开）/任务类型2.png@6c48a",
    "value": {
      "depends": [
        "5493656c-389c-48db-80ca-fca772d76bee"
      ]
    },
    "versionCode": 1
  },
  "3cddd707-f140-4383-bd2c-90915ce8aa58@f9941": {
    "url": "db://assets/textures/对话框（展开）/icon3.png@f9941",
    "value": {
      "depends": [
        "3cddd707-f140-4383-bd2c-90915ce8aa58@6c48a"
      ]
    },
    "versionCode": 1
  },
  "6a31c014-244e-4999-aa81-12209c9ebe88": {
    "url": "db://assets/textures/对话框（展开）/聊天框背景板（展开状态）.png",
    "value": {
      "depends": []
    },
    "versionCode": 1
  },
  "70bfd6c1-6591-4b6b-b39a-ba671a4afa9b@f9941": {
    "url": "db://assets/textures/对话框（展开）/任务类型1.png@f9941",
    "value": {
      "depends": [
        "70bfd6c1-6591-4b6b-b39a-ba671a4afa9b@6c48a"
      ]
    },
    "versionCode": 1
  },
  "d3bfe423-671a-44bf-a37a-e7e633bb91a2": {
    "url": "db://assets/textures/底部对话框/DOUDOU形象（后续会有点击交互功能 这块逻辑可以之后再写）.png",
    "value": {
      "depends": []
    },
    "versionCode": 1
  },
  "5493656c-389c-48db-80ca-fca772d76bee@f9941": {
    "url": "db://assets/textures/对话框（展开）/任务类型2.png@f9941",
    "value": {
      "depends": [
        "5493656c-389c-48db-80ca-fca772d76bee@6c48a"
      ]
    },
    "versionCode": 1
  },
  "066e6207-37c3-4cf9-8e04-ee62dde26d60": {
    "url": "db://assets/textures/底部对话框/任务1（选中）.png",
    "value": {
      "depends": []
    },
    "versionCode": 1
  },
  "c81d0c9f-6906-4e7c-8176-d589bb7cd1c7@6c48a": {
    "url": "db://assets/textures/对话框（展开）/任务类型3.png@6c48a",
    "value": {
      "depends": [
        "c81d0c9f-6906-4e7c-8176-d589bb7cd1c7"
      ]
    },
    "versionCode": 1
  },
  "334b4ae5-b295-4740-92e0-4eb903ef0ae5@6c48a": {
    "url": "db://assets/textures/对话框（展开）/开场提示语（后续增加基于不同时段提供不同提示语的逻辑）.png@6c48a",
    "value": {
      "depends": [
        "334b4ae5-b295-4740-92e0-4eb903ef0ae5"
      ]
    },
    "versionCode": 1
  },
  "c81d0c9f-6906-4e7c-8176-d589bb7cd1c7@f9941": {
    "url": "db://assets/textures/对话框（展开）/任务类型3.png@f9941",
    "value": {
      "depends": [
        "c81d0c9f-6906-4e7c-8176-d589bb7cd1c7@6c48a"
      ]
    },
    "versionCode": 1
  },
  "334b4ae5-b295-4740-92e0-4eb903ef0ae5@f9941": {
    "url": "db://assets/textures/对话框（展开）/开场提示语（后续增加基于不同时段提供不同提示语的逻辑）.png@f9941",
    "value": {
      "depends": [
        "334b4ae5-b295-4740-92e0-4eb903ef0ae5@6c48a"
      ]
    },
    "versionCode": 1
  },
  "4cafb999-7388-4535-b1c5-bef9f8a97705": {
    "url": "db://assets/textures/底部对话框/任务1（默认）.png",
    "value": {
      "depends": []
    },
    "versionCode": 1
  },
  "bced7064-8ed3-4b67-a71c-a770809f7230": {
    "url": "db://assets/textures/底部对话框/任务2（选中）.png",
    "value": {
      "depends": []
    },
    "versionCode": 1
  },
  "d3bfe423-671a-44bf-a37a-e7e633bb91a2@6c48a": {
    "url": "db://assets/textures/底部对话框/DOUDOU形象（后续会有点击交互功能 这块逻辑可以之后再写）.png@6c48a",
    "value": {
      "depends": [
        "d3bfe423-671a-44bf-a37a-e7e633bb91a2"
      ]
    },
    "versionCode": 1
  },
  "066e6207-37c3-4cf9-8e04-ee62dde26d60@6c48a": {
    "url": "db://assets/textures/底部对话框/任务1（选中）.png@6c48a",
    "value": {
      "depends": [
        "066e6207-37c3-4cf9-8e04-ee62dde26d60"
      ]
    },
    "versionCode": 1
  },
  "066e6207-37c3-4cf9-8e04-ee62dde26d60@f9941": {
    "url": "db://assets/textures/底部对话框/任务1（选中）.png@f9941",
    "value": {
      "depends": [
        "066e6207-37c3-4cf9-8e04-ee62dde26d60@6c48a"
      ]
    },
    "versionCode": 1
  },
  "91a827b4-e85d-48f9-8b00-5bc04bfbd0c8": {
    "url": "db://assets/textures/底部对话框/任务2（默认）.png",
    "value": {
      "depends": []
    },
    "versionCode": 1
  },
  "d3bfe423-671a-44bf-a37a-e7e633bb91a2@f9941": {
    "url": "db://assets/textures/底部对话框/DOUDOU形象（后续会有点击交互功能 这块逻辑可以之后再写）.png@f9941",
    "value": {
      "depends": [
        "d3bfe423-671a-44bf-a37a-e7e633bb91a2@6c48a"
      ]
    },
    "versionCode": 1
  },
  "f35531d1-16f4-438e-8922-ea285cf6ce50": {
    "url": "db://assets/textures/底部对话框/任务3（选中）.png",
    "value": {
      "depends": []
    },
    "versionCode": 1
  },
  "6a31c014-244e-4999-aa81-12209c9ebe88@6c48a": {
    "url": "db://assets/textures/对话框（展开）/聊天框背景板（展开状态）.png@6c48a",
    "value": {
      "depends": [
        "6a31c014-244e-4999-aa81-12209c9ebe88"
      ]
    },
    "versionCode": 1
  },
  "4cafb999-7388-4535-b1c5-bef9f8a97705@6c48a": {
    "url": "db://assets/textures/底部对话框/任务1（默认）.png@6c48a",
    "value": {
      "depends": [
        "4cafb999-7388-4535-b1c5-bef9f8a97705"
      ]
    },
    "versionCode": 1
  },
  "bced7064-8ed3-4b67-a71c-a770809f7230@6c48a": {
    "url": "db://assets/textures/底部对话框/任务2（选中）.png@6c48a",
    "value": {
      "depends": [
        "bced7064-8ed3-4b67-a71c-a770809f7230"
      ]
    },
    "versionCode": 1
  },
  "4cafb999-7388-4535-b1c5-bef9f8a97705@f9941": {
    "url": "db://assets/textures/底部对话框/任务1（默认）.png@f9941",
    "value": {
      "depends": [
        "4cafb999-7388-4535-b1c5-bef9f8a97705@6c48a"
      ]
    },
    "versionCode": 1
  },
  "52fcc1d5-43a3-40f7-9af5-22dc1dedc5df": {
    "url": "db://assets/textures/底部对话框/任务3（默认）.png",
    "value": {
      "depends": []
    },
    "versionCode": 1
  },
  "bced7064-8ed3-4b67-a71c-a770809f7230@f9941": {
    "url": "db://assets/textures/底部对话框/任务2（选中）.png@f9941",
    "value": {
      "depends": [
        "bced7064-8ed3-4b67-a71c-a770809f7230@6c48a"
      ]
    },
    "versionCode": 1
  },
  "d1da4216-c80a-4cf8-ba7d-5009b6205f38": {
    "url": "db://assets/textures/底部对话框/任务详情.png",
    "value": {
      "depends": []
    },
    "versionCode": 1
  },
  "6a31c014-244e-4999-aa81-12209c9ebe88@f9941": {
    "url": "db://assets/textures/对话框（展开）/聊天框背景板（展开状态）.png@f9941",
    "value": {
      "depends": [
        "6a31c014-244e-4999-aa81-12209c9ebe88@6c48a"
      ]
    },
    "versionCode": 1
  },
  "9d4a5574-d519-4d6c-bb0f-cb875860f1f5": {
    "url": "db://assets/textures/底部对话框/完成按钮.png",
    "value": {
      "depends": []
    },
    "versionCode": 1
  },
  "91a827b4-e85d-48f9-8b00-5bc04bfbd0c8@6c48a": {
    "url": "db://assets/textures/底部对话框/任务2（默认）.png@6c48a",
    "value": {
      "depends": [
        "91a827b4-e85d-48f9-8b00-5bc04bfbd0c8"
      ]
    },
    "versionCode": 1
  },
  "f35531d1-16f4-438e-8922-ea285cf6ce50@6c48a": {
    "url": "db://assets/textures/底部对话框/任务3（选中）.png@6c48a",
    "value": {
      "depends": [
        "f35531d1-16f4-438e-8922-ea285cf6ce50"
      ]
    },
    "versionCode": 1
  },
  "52fcc1d5-43a3-40f7-9af5-22dc1dedc5df@6c48a": {
    "url": "db://assets/textures/底部对话框/任务3（默认）.png@6c48a",
    "value": {
      "depends": [
        "52fcc1d5-43a3-40f7-9af5-22dc1dedc5df"
      ]
    },
    "versionCode": 1
  },
  "d1da4216-c80a-4cf8-ba7d-5009b6205f38@6c48a": {
    "url": "db://assets/textures/底部对话框/任务详情.png@6c48a",
    "value": {
      "depends": [
        "d1da4216-c80a-4cf8-ba7d-5009b6205f38"
      ]
    },
    "versionCode": 1
  },
  "f35531d1-16f4-438e-8922-ea285cf6ce50@f9941": {
    "url": "db://assets/textures/底部对话框/任务3（选中）.png@f9941",
    "value": {
      "depends": [
        "f35531d1-16f4-438e-8922-ea285cf6ce50@6c48a"
      ]
    },
    "versionCode": 1
  },
  "91a827b4-e85d-48f9-8b00-5bc04bfbd0c8@f9941": {
    "url": "db://assets/textures/底部对话框/任务2（默认）.png@f9941",
    "value": {
      "depends": [
        "91a827b4-e85d-48f9-8b00-5bc04bfbd0c8@6c48a"
      ]
    },
    "versionCode": 1
  },
  "d3439040-1d9e-4400-8459-2159a3e236d5": {
    "url": "db://assets/textures/底部对话框/放弃按钮.png",
    "value": {
      "depends": []
    },
    "versionCode": 1
  },
  "f6bf31f8-2daf-4e9f-b1ad-c9df7cfcec2f": {
    "url": "db://assets/textures/底部对话框/标签1.png",
    "value": {
      "depends": []
    },
    "versionCode": 1
  },
  "52fcc1d5-43a3-40f7-9af5-22dc1dedc5df@f9941": {
    "url": "db://assets/textures/底部对话框/任务3（默认）.png@f9941",
    "value": {
      "depends": [
        "52fcc1d5-43a3-40f7-9af5-22dc1dedc5df@6c48a"
      ]
    },
    "versionCode": 1
  },
  "4e05a03c-46d5-48b7-bc5a-7f92e4ad83c1": {
    "url": "db://assets/textures/底部对话框/标签2.png",
    "value": {
      "depends": []
    },
    "versionCode": 1
  },
  "d1da4216-c80a-4cf8-ba7d-5009b6205f38@f9941": {
    "url": "db://assets/textures/底部对话框/任务详情.png@f9941",
    "value": {
      "depends": [
        "d1da4216-c80a-4cf8-ba7d-5009b6205f38@6c48a"
      ]
    },
    "versionCode": 1
  },
  "94ed67cb-c008-4854-8506-e50bc3ef5dcb": {
    "url": "db://assets/textures/底部对话框/标签3.png",
    "value": {
      "depends": []
    },
    "versionCode": 1
  },
  "9d4a5574-d519-4d6c-bb0f-cb875860f1f5@6c48a": {
    "url": "db://assets/textures/底部对话框/完成按钮.png@6c48a",
    "value": {
      "depends": [
        "9d4a5574-d519-4d6c-bb0f-cb875860f1f5"
      ]
    },
    "versionCode": 1
  },
  "d3439040-1d9e-4400-8459-2159a3e236d5@6c48a": {
    "url": "db://assets/textures/底部对话框/放弃按钮.png@6c48a",
    "value": {
      "depends": [
        "d3439040-1d9e-4400-8459-2159a3e236d5"
      ]
    },
    "versionCode": 1
  },
  "f6bf31f8-2daf-4e9f-b1ad-c9df7cfcec2f@6c48a": {
    "url": "db://assets/textures/底部对话框/标签1.png@6c48a",
    "value": {
      "depends": [
        "f6bf31f8-2daf-4e9f-b1ad-c9df7cfcec2f"
      ]
    },
    "versionCode": 1
  },
  "9d4a5574-d519-4d6c-bb0f-cb875860f1f5@f9941": {
    "url": "db://assets/textures/底部对话框/完成按钮.png@f9941",
    "value": {
      "depends": [
        "9d4a5574-d519-4d6c-bb0f-cb875860f1f5@6c48a"
      ]
    },
    "versionCode": 1
  },
  "ba41e23b-a4be-4b07-b4a1-dcc600c99394": {
    "url": "db://assets/textures/底部对话框/聊天框背景板（默认状态）.png",
    "value": {
      "depends": []
    },
    "versionCode": 1
  },
  "4e05a03c-46d5-48b7-bc5a-7f92e4ad83c1@6c48a": {
    "url": "db://assets/textures/底部对话框/标签2.png@6c48a",
    "value": {
      "depends": [
        "4e05a03c-46d5-48b7-bc5a-7f92e4ad83c1"
      ]
    },
    "versionCode": 1
  },
  "94ed67cb-c008-4854-8506-e50bc3ef5dcb@6c48a": {
    "url": "db://assets/textures/底部对话框/标签3.png@6c48a",
    "value": {
      "depends": [
        "94ed67cb-c008-4854-8506-e50bc3ef5dcb"
      ]
    },
    "versionCode": 1
  },
  "d3439040-1d9e-4400-8459-2159a3e236d5@f9941": {
    "url": "db://assets/textures/底部对话框/放弃按钮.png@f9941",
    "value": {
      "depends": [
        "d3439040-1d9e-4400-8459-2159a3e236d5@6c48a"
      ]
    },
    "versionCode": 1
  },
  "f6bf31f8-2daf-4e9f-b1ad-c9df7cfcec2f@f9941": {
    "url": "db://assets/textures/底部对话框/标签1.png@f9941",
    "value": {
      "depends": [
        "f6bf31f8-2daf-4e9f-b1ad-c9df7cfcec2f@6c48a"
      ]
    },
    "versionCode": 1
  },
  "405f95bb-1bb6-4365-9ba3-44cf35765907": {
    "url": "db://assets/textures/底部对话框/语音按钮.png",
    "value": {
      "depends": []
    },
    "versionCode": 1
  },
  "e033acd2-ad7f-464b-8579-a0eede0151d8": {
    "url": "db://assets/textures/底部对话框/输入框.png",
    "value": {
      "depends": []
    },
    "versionCode": 1
  },
  "94ed67cb-c008-4854-8506-e50bc3ef5dcb@f9941": {
    "url": "db://assets/textures/底部对话框/标签3.png@f9941",
    "value": {
      "depends": [
        "94ed67cb-c008-4854-8506-e50bc3ef5dcb@6c48a"
      ]
    },
    "versionCode": 1
  },
  "e2b1fc11-36b7-4ff9-beb9-b9c7894a25fe": {
    "url": "db://assets/textures/待办任务/待办任务按钮.png",
    "value": {
      "depends": []
    },
    "versionCode": 1
  },
  "4e05a03c-46d5-48b7-bc5a-7f92e4ad83c1@f9941": {
    "url": "db://assets/textures/底部对话框/标签2.png@f9941",
    "value": {
      "depends": [
        "4e05a03c-46d5-48b7-bc5a-7f92e4ad83c1@6c48a"
      ]
    },
    "versionCode": 1
  },
  "ba41e23b-a4be-4b07-b4a1-dcc600c99394@6c48a": {
    "url": "db://assets/textures/底部对话框/聊天框背景板（默认状态）.png@6c48a",
    "value": {
      "depends": [
        "ba41e23b-a4be-4b07-b4a1-dcc600c99394"
      ]
    },
    "versionCode": 1
  },
  "e033acd2-ad7f-464b-8579-a0eede0151d8@6c48a": {
    "url": "db://assets/textures/底部对话框/输入框.png@6c48a",
    "value": {
      "depends": [
        "e033acd2-ad7f-464b-8579-a0eede0151d8"
      ]
    },
    "versionCode": 1
  },
  "e2b1fc11-36b7-4ff9-beb9-b9c7894a25fe@6c48a": {
    "url": "db://assets/textures/待办任务/待办任务按钮.png@6c48a",
    "value": {
      "depends": [
        "e2b1fc11-36b7-4ff9-beb9-b9c7894a25fe"
      ]
    },
    "versionCode": 1
  },
  "405f95bb-1bb6-4365-9ba3-44cf35765907@6c48a": {
    "url": "db://assets/textures/底部对话框/语音按钮.png@6c48a",
    "value": {
      "depends": [
        "405f95bb-1bb6-4365-9ba3-44cf35765907"
      ]
    },
    "versionCode": 1
  },
  "e033acd2-ad7f-464b-8579-a0eede0151d8@f9941": {
    "url": "db://assets/textures/底部对话框/输入框.png@f9941",
    "value": {
      "depends": [
        "e033acd2-ad7f-464b-8579-a0eede0151d8@6c48a"
      ]
    },
    "versionCode": 1
  },
  "e2b1fc11-36b7-4ff9-beb9-b9c7894a25fe@f9941": {
    "url": "db://assets/textures/待办任务/待办任务按钮.png@f9941",
    "value": {
      "depends": [
        "e2b1fc11-36b7-4ff9-beb9-b9c7894a25fe@6c48a"
      ]
    },
    "versionCode": 1
  },
  "ba41e23b-a4be-4b07-b4a1-dcc600c99394@f9941": {
    "url": "db://assets/textures/底部对话框/聊天框背景板（默认状态）.png@f9941",
    "value": {
      "depends": [
        "ba41e23b-a4be-4b07-b4a1-dcc600c99394@6c48a"
      ]
    },
    "versionCode": 1
  },
  "405f95bb-1bb6-4365-9ba3-44cf35765907@f9941": {
    "url": "db://assets/textures/底部对话框/语音按钮.png@f9941",
    "value": {
      "depends": [
        "405f95bb-1bb6-4365-9ba3-44cf35765907@6c48a"
      ]
    },
    "versionCode": 1
  },
  "9b9e9b60-af2b-4333-b32a-8c250591f6a3": {
    "url": "db://assets/textures/地图功能/主角路径.png",
    "value": {
      "depends": []
    },
    "versionCode": 1
  },
  "9b9e9b60-af2b-4333-b32a-8c250591f6a3@6c48a": {
    "url": "db://assets/textures/地图功能/主角路径.png@6c48a",
    "value": {
      "depends": [
        "9b9e9b60-af2b-4333-b32a-8c250591f6a3"
      ]
    },
    "versionCode": 1
  },
  "9b9e9b60-af2b-4333-b32a-8c250591f6a3@f9941": {
    "url": "db://assets/textures/地图功能/主角路径.png@f9941",
    "value": {
      "depends": [
        "9b9e9b60-af2b-4333-b32a-8c250591f6a3@6c48a"
      ]
    },
    "versionCode": 1
  },
  "6df29c50-934a-48a0-8706-79312a944619": {
    "url": "db://assets/scenes/Main.scene",
    "value": {
      "depends": [
        "6df29c50-934a-48a0-8706-79312a944619",
        "38a08705-0acf-43dc-8387-c2bcf0e45a7f@f9941",
        "a867d624-d58b-488c-aef0-c4a1b6bb7ad3@f9941",
        "9b9e9b60-af2b-4333-b32a-8c250591f6a3@f9941",
        "6f53cf49-797f-4c2a-9ba9-6dd91d9d7142@f9941",
        "6cf90839-04f4-4da4-9132-3d2444fe3446@f9941",
        "ba41e23b-a4be-4b07-b4a1-dcc600c99394@f9941",
        "d3bfe423-671a-44bf-a37a-e7e633bb91a2@f9941",
        "4cafb999-7388-4535-b1c5-bef9f8a97705@f9941",
        "91a827b4-e85d-48f9-8b00-5bc04bfbd0c8@f9941",
        "52fcc1d5-43a3-40f7-9af5-22dc1dedc5df@f9941",
        "e033acd2-ad7f-464b-8579-a0eede0151d8@f9941",
        "405f95bb-1bb6-4365-9ba3-44cf35765907@f9941",
        "e2b1fc11-36b7-4ff9-beb9-b9c7894a25fe@f9941",
        "a0998a2a-8ccc-42ac-a011-e7bb9274af7e@f9941"
      ],
      "dependScripts": [
        "99631171-71b3-49c3-858e-961c9320696d",
        "0239045f-fbc0-4f5d-a5d0-9209121bd6f4"
      ]
    },
    "versionCode": 1
  },
  "97aa569d-c7d9-4b77-8254-4e5d706ddf5a": {
    "url": "db://assets/textures",
    "value": {},
    "versionCode": 1
  },
  "e55f6964-80df-4c67-bb33-0f299bc391e8": {
    "url": "db://assets/scenes",
    "value": {},
    "versionCode": 1
  },
  "47a36922-3f74-4e64-b317-ee024dcbab08": {
    "url": "db://assets/scripts",
    "value": {},
    "versionCode": 1
  },
  "99631171-71b3-49c3-858e-961c9320696d": {
    "url": "db://assets/scripts/Player.ts",
    "value": {},
    "versionCode": 1
  },
  "da3a4b0b-2a66-4fbb-9485-94e5446aac44": {
    "url": "db://assets/scripts/MapManager.ts",
    "value": {},
    "versionCode": 1
  },
  "cec19aaa-ca10-422f-b957-94d0507fe901": {
    "url": "db://assets/scripts/UIManager.ts",
    "value": {},
    "versionCode": 1
  },
  "0239045f-fbc0-4f5d-a5d0-9209121bd6f4": {
    "url": "db://assets/scripts/GameManager.ts",
    "value": {},
    "versionCode": 1
  },
  "d929d61f-8a4c-4707-bdf8-19522c614ada": {
    "url": "db://assets/scripts/InteractionSystem.ts",
    "value": {},
    "versionCode": 1
  },
  "e747cf45-8262-4c6d-b421-61f08acb23cc": {
    "url": "db://assets/scripts/TaskSystem.ts",
    "value": {},
    "versionCode": 1
  },
  "c036b789-ae37-4fe5-b651-5db3370fb336": {
    "url": "db://assets/scripts/TaskPopupManager.ts",
    "value": {},
    "versionCode": 1
  }
}
