{
  "__type__": "cc.SpriteFrame",
  "content": {
    "name": "任务2（选中）",
    "atlas": "",
    "rect": {
      "x": 6,
      "y": 9,
      "width": 52,
      "height": 46
    },
    "offset": {
      "x": 0,
      "y": 0
    },
    "originalSize": {
      "width": 64,
      "height": 64
    },
    "rotated": false,
    "capInsets": [
      0,
      0,
      0,
      0
    ],
    "vertices": {
      "rawPosition": [
        -26,
        -23,
        0,
        26,
        -23,
        0,
        -26,
        23,
        0,
        26,
        23,
        0
      ],
      "indexes": [
        0,
        1,
        2,
        2,
        1,
        3
      ],
      "uv": [
        6,
        55,
        58,
        55,
        6,
        9,
        58,
        9
      ],
      "nuv": [
        0.09375,
        0.140625,
        0.90625,
        0.140625,
        0.09375,
        0.859375,
        0.90625,
        0.859375
      ],
      "minPos": {
        "x": -26,
        "y": -23,
        "z": 0
      },
      "maxPos": {
        "x": 26,
        "y": 23,
        "z": 0
      }
    },
    "texture": "bced7064-8ed3-4b67-a71c-a770809f7230@6c48a",
    "packable": true,
    "pixelsToUnit": 100,
    "pivot": {
      "x": 0.5,
      "y": 0.5
    },
    "meshType": 0
  }
}