{
  "__type__": "cc.SpriteFrame",
  "content": {
    "name": "聊天按钮",
    "atlas": "",
    "rect": {
      "x": 0,
      "y": 0,
      "width": 218,
      "height": 36
    },
    "offset": {
      "x": 0,
      "y": 0
    },
    "originalSize": {
      "width": 218,
      "height": 36
    },
    "rotated": false,
    "capInsets": [
      0,
      0,
      0,
      0
    ],
    "vertices": {
      "rawPosition": [
        -109,
        -18,
        0,
        109,
        -18,
        0,
        -109,
        18,
        0,
        109,
        18,
        0
      ],
      "indexes": [
        0,
        1,
        2,
        2,
        1,
        3
      ],
      "uv": [
        0,
        36,
        218,
        36,
        0,
        0,
        218,
        0
      ],
      "nuv": [
        0,
        0,
        1,
        0,
        0,
        1,
        1,
        1
      ],
      "minPos": {
        "x": -109,
        "y": -18,
        "z": 0
      },
      "maxPos": {
        "x": 109,
        "y": 18,
        "z": 0
      }
    },
    "texture": "fe37bff5-039c-451a-85ab-fbce483bd351@6c48a",
    "packable": true,
    "pixelsToUnit": 100,
    "pivot": {
      "x": 0.5,
      "y": 0.5
    },
    "meshType": 0
  }
}