{
  "__type__": "cc.SpriteFrame",
  "content": {
    "name": "背景网格",
    "atlas": "",
    "rect": {
      "x": 14,
      "y": 20,
      "width": 494,
      "height": 580
    },
    "offset": {
      "x": -0.5,
      "y": 0
    },
    "originalSize": {
      "width": 523,
      "height": 620
    },
    "rotated": false,
    "capInsets": [
      0,
      0,
      0,
      0
    ],
    "vertices": {
      "rawPosition": [
        -247,
        -290,
        0,
        247,
        -290,
        0,
        -247,
        290,
        0,
        247,
        290,
        0
      ],
      "indexes": [
        0,
        1,
        2,
        2,
        1,
        3
      ],
      "uv": [
        14,
        600,
        508,
        600,
        14,
        20,
        508,
        20
      ],
      "nuv": [
        0.02676864244741874,
        0.03225806451612903,
        0.97131931166348,
        0.03225806451612903,
        0.02676864244741874,
        0.967741935483871,
        0.97131931166348,
        0.967741935483871
      ],
      "minPos": {
        "x": -247,
        "y": -290,
        "z": 0
      },
      "maxPos": {
        "x": 247,
        "y": 290,
        "z": 0
      }
    },
    "texture": "a867d624-d58b-488c-aef0-c4a1b6bb7ad3@6c48a",
    "packable": true,
    "pixelsToUnit": 100,
    "pivot": {
      "x": 0.5,
      "y": 0.5
    },
    "meshType": 0
  }
}