{
  "__type__": "cc.SpriteFrame",
  "content": {
    "name": "任务类型1",
    "atlas": "",
    "rect": {
      "x": 0,
      "y": 0,
      "width": 88,
      "height": 70
    },
    "offset": {
      "x": 0,
      "y": 0
    },
    "originalSize": {
      "width": 88,
      "height": 70
    },
    "rotated": false,
    "capInsets": [
      0,
      0,
      0,
      0
    ],
    "vertices": {
      "rawPosition": [
        -44,
        -35,
        0,
        44,
        -35,
        0,
        -44,
        35,
        0,
        44,
        35,
        0
      ],
      "indexes": [
        0,
        1,
        2,
        2,
        1,
        3
      ],
      "uv": [
        0,
        70,
        88,
        70,
        0,
        0,
        88,
        0
      ],
      "nuv": [
        0,
        0,
        1,
        0,
        0,
        1,
        1,
        1
      ],
      "minPos": {
        "x": -44,
        "y": -35,
        "z": 0
      },
      "maxPos": {
        "x": 44,
        "y": 35,
        "z": 0
      }
    },
    "texture": "70bfd6c1-6591-4b6b-b39a-ba671a4afa9b@6c48a",
    "packable": true,
    "pixelsToUnit": 100,
    "pivot": {
      "x": 0.5,
      "y": 0.5
    },
    "meshType": 0
  }
}