{
  "__type__": "cc.SpriteFrame",
  "content": {
    "name": "标签2",
    "atlas": "",
    "rect": {
      "x": 0,
      "y": 0,
      "width": 48,
      "height": 22
    },
    "offset": {
      "x": 0,
      "y": 0
    },
    "originalSize": {
      "width": 48,
      "height": 22
    },
    "rotated": false,
    "capInsets": [
      0,
      0,
      0,
      0
    ],
    "vertices": {
      "rawPosition": [
        -24,
        -11,
        0,
        24,
        -11,
        0,
        -24,
        11,
        0,
        24,
        11,
        0
      ],
      "indexes": [
        0,
        1,
        2,
        2,
        1,
        3
      ],
      "uv": [
        0,
        22,
        48,
        22,
        0,
        0,
        48,
        0
      ],
      "nuv": [
        0,
        0,
        1,
        0,
        0,
        1,
        1,
        1
      ],
      "minPos": {
        "x": -24,
        "y": -11,
        "z": 0
      },
      "maxPos": {
        "x": 24,
        "y": 11,
        "z": 0
      }
    },
    "texture": "4e05a03c-46d5-48b7-bc5a-7f92e4ad83c1@6c48a",
    "packable": true,
    "pixelsToUnit": 100,
    "pivot": {
      "x": 0.5,
      "y": 0.5
    },
    "meshType": 0
  }
}