{
  "__type__": "cc.SpriteFrame",
  "content": {
    "name": "蓝色格子",
    "atlas": "",
    "rect": {
      "x": 15,
      "y": 20,
      "width": 81,
      "height": 82
    },
    "offset": {
      "x": 0,
      "y": -1.5
    },
    "originalSize": {
      "width": 111,
      "height": 119
    },
    "rotated": false,
    "capInsets": [
      0,
      0,
      0,
      0
    ],
    "vertices": {
      "rawPosition": [
        -40.5,
        -41,
        0,
        40.5,
        -41,
        0,
        -40.5,
        41,
        0,
        40.5,
        41,
        0
      ],
      "indexes": [
        0,
        1,
        2,
        2,
        1,
        3
      ],
      "uv": [
        15,
        99,
        96,
        99,
        15,
        17,
        96,
        17
      ],
      "nuv": [
        0.13513513513513514,
        0.14285714285714285,
        0.8648648648648649,
        0.14285714285714285,
        0.13513513513513514,
        0.8319327731092437,
        0.8648648648648649,
        0.8319327731092437
      ],
      "minPos": {
        "x": -40.5,
        "y": -41,
        "z": 0
      },
      "maxPos": {
        "x": 40.5,
        "y": 41,
        "z": 0
      }
    },
    "texture": "d7bc8dc1-57ae-4bc4-83aa-f466a7e06e76@6c48a",
    "packable": true,
    "pixelsToUnit": 100,
    "pivot": {
      "x": 0.5,
      "y": 0.5
    },
    "meshType": 0
  }
}