{
  "__type__": "cc.SpriteFrame",
  "content": {
    "name": "任务3（默认）",
    "atlas": "",
    "rect": {
      "x": 7,
      "y": 10,
      "width": 42,
      "height": 36
    },
    "offset": {
      "x": 0,
      "y": 0
    },
    "originalSize": {
      "width": 56,
      "height": 56
    },
    "rotated": false,
    "capInsets": [
      0,
      0,
      0,
      0
    ],
    "vertices": {
      "rawPosition": [
        -21,
        -18,
        0,
        21,
        -18,
        0,
        -21,
        18,
        0,
        21,
        18,
        0
      ],
      "indexes": [
        0,
        1,
        2,
        2,
        1,
        3
      ],
      "uv": [
        7,
        46,
        49,
        46,
        7,
        10,
        49,
        10
      ],
      "nuv": [
        0.125,
        0.17857142857142858,
        0.875,
        0.17857142857142858,
        0.125,
        0.8214285714285714,
        0.875,
        0.8214285714285714
      ],
      "minPos": {
        "x": -21,
        "y": -18,
        "z": 0
      },
      "maxPos": {
        "x": 21,
        "y": 18,
        "z": 0
      }
    },
    "texture": "52fcc1d5-43a3-40f7-9af5-22dc1dedc5df@6c48a",
    "packable": true,
    "pixelsToUnit": 100,
    "pivot": {
      "x": 0.5,
      "y": 0.5
    },
    "meshType": 0
  }
}