{
  "__type__": "cc.SpriteFrame",
  "content": {
    "name": "匹配按钮",
    "atlas": "",
    "rect": {
      "x": 0,
      "y": 0,
      "width": 36,
      "height": 38
    },
    "offset": {
      "x": 0,
      "y": 0
    },
    "originalSize": {
      "width": 36,
      "height": 38
    },
    "rotated": false,
    "capInsets": [
      0,
      0,
      0,
      0
    ],
    "vertices": {
      "rawPosition": [
        -18,
        -19,
        0,
        18,
        -19,
        0,
        -18,
        19,
        0,
        18,
        19,
        0
      ],
      "indexes": [
        0,
        1,
        2,
        2,
        1,
        3
      ],
      "uv": [
        0,
        38,
        36,
        38,
        0,
        0,
        36,
        0
      ],
      "nuv": [
        0,
        0,
        1,
        0,
        0,
        1,
        1,
        1
      ],
      "minPos": {
        "x": -18,
        "y": -19,
        "z": 0
      },
      "maxPos": {
        "x": 18,
        "y": 19,
        "z": 0
      }
    },
    "texture": "a0998a2a-8ccc-42ac-a011-e7bb9274af7e@6c48a",
    "packable": true,
    "pixelsToUnit": 100,
    "pivot": {
      "x": 0.5,
      "y": 0.5
    },
    "meshType": 0
  }
}