{
  "__type__": "cc.Material",
  "_name": "builtin-mipmap-bloom",
  "_objFlags": 0,
  "__editorExtras__": {},
  "_native": "",
  "_effectAsset": {
    "__uuid__": "7ca08c6b-221a-43d5-8ad6-a6dd2ee7852b",
    "__expectedType__": "cc.EffectAsset"
  },
  "_techIdx": 0,
  "_defines": [
    {},
    {},
    {},
    {}
  ],
  "_states": [
    {
      "rasterizerState": {},
      "depthStencilState": {},
      "blendState": {
        "targets": [
          {}
        ]
      }
    },
    {
      "rasterizerState": {},
      "depthStencilState": {},
      "blendState": {
        "targets": [
          {}
        ]
      }
    },
    {
      "rasterizerState": {},
      "depthStencilState": {},
      "blendState": {
        "targets": [
          {}
        ]
      }
    },
    {
      "rasterizerState": {},
      "depthStencilState": {},
      "blendState": {
        "targets": [
          {}
        ]
      }
    }
  ],
  "_props": [
    {},
    {},
    {},
    {}
  ]
}