{
  "gizmos-infos": {
    "is2D": true,
    "is3DIcon": false,
    "iconSize": 2,
    "gridVisible": true,
    "originAxis2D": {
      "x_visible": true,
      "y_visible": true,
      "z_visible": false
    },
    "originAxis3D": {
      "x_visible": true,
      "y_visible": false,
      "z_visible": true
    },
    "gridColor": [
      166,
      166,
      166,
      255
    ],
    "transformToolName": "position",
    "pivot": "pivot",
    "coordinate": "local",
    "toolsVisibility3d": true
  },
  "__version__": "1.0.3",
  "builder": {},
  "snap-configs": {
    "position": {
      "x": 1,
      "y": 1,
      "z": 1
    },
    "rotation": 1,
    "scale": 1,
    "isPositionSnapEnabled": false,
    "isRotationSnapEnabled": false,
    "isScaleSnapEnabled": false
  },
  "rect-snap-configs": {
    "enableSnapping": true,
    "snapThreshold": 4
  },
  "camera-infos": {
    "7f0cdf79-3a80-44ed-a6d8-8d75de67af1b": {
      "position": {
        "x": 640,
        "y": 360,
        "z": 5000
      },
      "rotation": {
        "x": 0,
        "y": 0,
        "z": 0,
        "w": 1
      },
      "viewCenter": {
        "x": 0,
        "y": 0,
        "z": 0
      },
      "contentRect": {
        "x": 0,
        "y": 5.684341886080802e-14,
        "width": 984.2,
        "height": 553.6125
      },
      "scale": 0.76890625
    },
    "934626ea-023b-4707-8811-dbef56f22b53": {
      "position": {
        "x": 655.746236223136,
        "y": 425.42493008935634,
        "z": 5000
      },
      "rotation": {
        "x": 0,
        "y": 0,
        "z": 0,
        "w": 1
      },
      "viewCenter": {
        "x": 0,
        "y": 0,
        "z": 0
      },
      "contentRect": {
        "x": -199.32352191090868,
        "y": -108.87711070759842,
        "width": 1834,
        "height": 1146
      },
      "scale": 1.0724271222047441
    },
    "10f08cfb-f08a-4d93-896c-e0b67415f4ef": {
      "position": {
        "x": 436.22221105583446,
        "y": 283.48500394165836,
        "z": 5000
      },
      "rotation": {
        "x": 0,
        "y": 0,
        "z": 0,
        "w": 1
      },
      "viewCenter": {
        "x": 0,
        "y": 0,
        "z": 0
      },
      "contentRect": {
        "x": -57.93239930470945,
        "y": 36.40769876138641,
        "width": 1286,
        "height": 824
      },
      "scale": 0.6070974421975235
    },
    "eeb7d3d0-cc8b-45fc-9bba-2092fd6473c9": {
      "position": {
        "x": 719.8563730736871,
        "y": 378.8060475375267,
        "z": 5000
      },
      "rotation": {
        "x": 0,
        "y": 0,
        "z": 0,
        "w": 1
      },
      "viewCenter": {
        "x": 0,
        "y": 0,
        "z": 0
      },
      "contentRect": {
        "x": 164.79585449309442,
        "y": -342.21477684982614,
        "width": 796,
        "height": 1034
      },
      "scale": 0.717038929408581
    },
    "4c395115-e5bc-4b9b-9b88-1492d99e59c8": {
      "position": {
        "x": 640,
        "y": 359.9999999999999,
        "z": 5000
      },
      "rotation": {
        "x": 0,
        "y": 0,
        "z": 0,
        "w": 1
      },
      "viewCenter": {
        "x": 0,
        "y": 0,
        "z": 0
      },
      "contentRect": {
        "x": 0,
        "y": 5.684341886080802e-14,
        "width": 557.2,
        "height": 313.42500000000007
      },
      "scale": 0.4353125000000001
    },
    "dc99c48d-d0ea-4ffa-bd29-b9a9780ec501": {
      "position": {
        "x": 665.4452301188645,
        "y": 242.9343590929941,
        "z": 5000
      },
      "rotation": {
        "x": 0,
        "y": 0,
        "z": 0,
        "w": 1
      },
      "viewCenter": {
        "x": 640,
        "y": 360.71343638525565,
        "z": 0
      },
      "contentRect": {
        "x": -175.55476988113548,
        "y": -231.0656409070059,
        "width": 1682,
        "height": 948
      },
      "scale": 1
    },
    "2d7baed9-4fd2-4b2f-b573-4584827330dd": {
      "position": {
        "x": 1585.1695635520236,
        "y": 1933.2079314983548,
        "z": 5000
      },
      "rotation": {
        "x": 0,
        "y": 0,
        "z": 0,
        "w": 1
      },
      "viewCenter": {
        "x": 0,
        "y": 0,
        "z": 0
      },
      "contentRect": {
        "x": -6363.519716638572,
        "y": -2546.7905450894486,
        "width": 1682,
        "height": 948
      },
      "scale": 0.10580360740680937
    },
    "35bf81e9-5e3b-4dc0-8ad4-893e48611266": {
      "position": {
        "x": 629.9300306052219,
        "y": 366.3166885756224,
        "z": 5000
      },
      "rotation": {
        "x": 0,
        "y": 0,
        "z": 0,
        "w": 1
      },
      "viewCenter": {
        "x": 781.5032554358186,
        "y": -39.99568640707409,
        "z": -445.02909791266404
      },
      "contentRect": {
        "x": -144.58194859593934,
        "y": -70.20968257937214,
        "width": 1682,
        "height": 948
      },
      "scale": 1.0858450515735278
    },
    "9ff3bdcc-d3e5-4b6f-a0bd-4b6500593700": {
      "position": {
        "x": 640,
        "y": 360.7134363852557,
        "z": 5000
      },
      "rotation": {
        "x": 0,
        "y": 0,
        "z": 0,
        "w": 1
      },
      "viewCenter": {
        "x": 781.5032554358186,
        "y": -39.99568640707409,
        "z": -445.02909791266404
      },
      "contentRect": {
        "x": 0,
        "y": 5.684341886080802e-14,
        "width": 1177.4,
        "height": 663.5999999999999
      },
      "scale": 0.9198437500000001
    },
    "a40577d3-3d99-47e9-b676-91fd10fe682e": {
      "position": {
        "x": 640,
        "y": 360.7134363852557,
        "z": 5000
      },
      "rotation": {
        "x": 0,
        "y": 0,
        "z": 0,
        "w": 1
      },
      "viewCenter": {
        "x": 0,
        "y": 0,
        "z": 0
      },
      "contentRect": {
        "x": 0,
        "y": 5.684341886080802e-14,
        "width": 1177.4,
        "height": 663.5999999999999
      },
      "scale": 0.9198437500000001
    },
    "409f900e-1e58-45bb-905f-8302517e3b7b": {
      "position": {
        "x": 640,
        "y": 360.7134363852557,
        "z": 5000
      },
      "rotation": {
        "x": 0,
        "y": 0,
        "z": 0,
        "w": 1
      },
      "viewCenter": {
        "x": 0,
        "y": 0,
        "z": 0
      },
      "contentRect": {
        "x": 0,
        "y": 5.684341886080802e-14,
        "width": 1177.4,
        "height": 663.5999999999999
      },
      "scale": 0.9198437500000001
    },
    "d1bc6580-82d0-49a2-a743-7281b0182eb3": {
      "position": {
        "x": 640,
        "y": 360.7134363852557,
        "z": 5000
      },
      "rotation": {
        "x": 0,
        "y": 0,
        "z": 0,
        "w": 1
      },
      "viewCenter": {
        "x": 0,
        "y": 0,
        "z": 0
      },
      "contentRect": {
        "x": 0,
        "y": 5.684341886080802e-14,
        "width": 1177.4,
        "height": 663.5999999999999
      },
      "scale": 0.9198437500000001
    },
    "81f7b9af-2b63-41f9-b6ee-4ad7aec8c6b4": {
      "position": {
        "x": 640,
        "y": 360.7134363852557,
        "z": 5000
      },
      "rotation": {
        "x": 0,
        "y": 0,
        "z": 0,
        "w": 1
      },
      "viewCenter": {
        "x": 0,
        "y": 0,
        "z": 0
      },
      "contentRect": {
        "x": 0,
        "y": 5.684341886080802e-14,
        "width": 1177.4,
        "height": 663.5999999999999
      },
      "scale": 0.9198437500000001
    },
    "30da7d6e-aab0-40eb-8a47-dab8a297a99e": {
      "position": {
        "x": 640,
        "y": 360.7134363852557,
        "z": 5000
      },
      "rotation": {
        "x": 0,
        "y": 0,
        "z": 0,
        "w": 1
      },
      "viewCenter": {
        "x": 0,
        "y": 0,
        "z": 0
      },
      "contentRect": {
        "x": 0,
        "y": 5.684341886080802e-14,
        "width": 1177.4,
        "height": 663.5999999999999
      },
      "scale": 0.9198437500000001
    },
    "659e56cc-dc0d-4714-a707-4942cfadcd1d": {
      "position": {
        "x": 640,
        "y": 360.7134363852557,
        "z": 5000
      },
      "rotation": {
        "x": 0,
        "y": 0,
        "z": 0,
        "w": 1
      },
      "viewCenter": {
        "x": 0,
        "y": 0,
        "z": 0
      },
      "contentRect": {
        "x": 0,
        "y": 5.684341886080802e-14,
        "width": 1177.4,
        "height": 663.5999999999999
      },
      "scale": 0.9198437500000001
    },
    "4ebc75d2-cc1c-42a0-a66c-202f58ca5ff6": {
      "position": {
        "x": 640,
        "y": 360.7134363852557,
        "z": 5000
      },
      "rotation": {
        "x": 0,
        "y": 0,
        "z": 0,
        "w": 1
      },
      "viewCenter": {
        "x": 0,
        "y": 0,
        "z": 0
      },
      "contentRect": {
        "x": 0,
        "y": 5.684341886080802e-14,
        "width": 1177.4,
        "height": 663.5999999999999
      },
      "scale": 0.9198437500000001
    },
    "6df29c50-934a-48a0-8706-79312a944619": {
      "position": {
        "x": 583.3646776093407,
        "y": 344.09495691189346,
        "z": 5000
      },
      "rotation": {
        "x": 0,
        "y": 0,
        "z": 0,
        "w": 1
      },
      "viewCenter": {
        "x": 0,
        "y": 0,
        "z": 0
      },
      "contentRect": {
        "x": -235.08542240910862,
        "y": -69.50683160010362,
        "width": 1524,
        "height": 786
      },
      "scale": 0.9139225469984533
    }
  },
  "camera-uuids": [
    "7f0cdf79-3a80-44ed-a6d8-8d75de67af1b",
    "934626ea-023b-4707-8811-dbef56f22b53",
    "10f08cfb-f08a-4d93-896c-e0b67415f4ef",
    "eeb7d3d0-cc8b-45fc-9bba-2092fd6473c9",
    "4c395115-e5bc-4b9b-9b88-1492d99e59c8",
    "dc99c48d-d0ea-4ffa-bd29-b9a9780ec501",
    "2d7baed9-4fd2-4b2f-b573-4584827330dd",
    "35bf81e9-5e3b-4dc0-8ad4-893e48611266",
    "9ff3bdcc-d3e5-4b6f-a0bd-4b6500593700",
    "a40577d3-3d99-47e9-b676-91fd10fe682e",
    "409f900e-1e58-45bb-905f-8302517e3b7b",
    "d1bc6580-82d0-49a2-a743-7281b0182eb3",
    "81f7b9af-2b63-41f9-b6ee-4ad7aec8c6b4",
    "30da7d6e-aab0-40eb-8a47-dab8a297a99e",
    "659e56cc-dc0d-4714-a707-4942cfadcd1d",
    "4ebc75d2-cc1c-42a0-a66c-202f58ca5ff6",
    "6df29c50-934a-48a0-8706-79312a944619"
  ],
  "camera": {
    "color": [
      48,
      48,
      48,
      255
    ],
    "fov": 45,
    "far": 10000,
    "near": 0.01,
    "wheelSpeed": 0.01,
    "wanderSpeed": 10,
    "enableAcceleration": true,
    "size": "__default_design__",
    "far2D": 10000,
    "near2D": 1,
    "wheelSpeed2D": 6,
    "iso": 0,
    "aperture": 19,
    "shutter": 7
  },
  "float-window": {
    "position": {
      "cc": {
        "Camera": {
          "dock": false,
          "top": null,
          "bottom": 10,
          "left": null,
          "right": 10
        }
      }
    }
  }
}
