{
  "__type__": "cc.SpriteFrame",
  "content": {
    "name": "待办任务按钮",
    "atlas": "",
    "rect": {
      "x": 0,
      "y": 0,
      "width": 92,
      "height": 24
    },
    "offset": {
      "x": 0,
      "y": 0
    },
    "originalSize": {
      "width": 92,
      "height": 24
    },
    "rotated": false,
    "capInsets": [
      0,
      0,
      0,
      0
    ],
    "vertices": {
      "rawPosition": [
        -46,
        -12,
        0,
        46,
        -12,
        0,
        -46,
        12,
        0,
        46,
        12,
        0
      ],
      "indexes": [
        0,
        1,
        2,
        2,
        1,
        3
      ],
      "uv": [
        0,
        24,
        92,
        24,
        0,
        0,
        92,
        0
      ],
      "nuv": [
        0,
        0,
        1,
        0,
        0,
        1,
        1,
        1
      ],
      "minPos": {
        "x": -46,
        "y": -12,
        "z": 0
      },
      "maxPos": {
        "x": 46,
        "y": 12,
        "z": 0
      }
    },
    "texture": "e2b1fc11-36b7-4ff9-beb9-b9c7894a25fe@6c48a",
    "packable": true,
    "pixelsToUnit": 100,
    "pivot": {
      "x": 0.5,
      "y": 0.5
    },
    "meshType": 0
  }
}