{
  "__type__": "cc.SpriteFrame",
  "content": {
    "name": "完成按钮",
    "atlas": "",
    "rect": {
      "x": 0,
      "y": 0,
      "width": 134,
      "height": 36
    },
    "offset": {
      "x": 0,
      "y": 0
    },
    "originalSize": {
      "width": 134,
      "height": 36
    },
    "rotated": false,
    "capInsets": [
      0,
      0,
      0,
      0
    ],
    "vertices": {
      "rawPosition": [
        -67,
        -18,
        0,
        67,
        -18,
        0,
        -67,
        18,
        0,
        67,
        18,
        0
      ],
      "indexes": [
        0,
        1,
        2,
        2,
        1,
        3
      ],
      "uv": [
        0,
        36,
        134,
        36,
        0,
        0,
        134,
        0
      ],
      "nuv": [
        0,
        0,
        1,
        0,
        0,
        1,
        1,
        1
      ],
      "minPos": {
        "x": -67,
        "y": -18,
        "z": 0
      },
      "maxPos": {
        "x": 67,
        "y": 18,
        "z": 0
      }
    },
    "texture": "9d4a5574-d519-4d6c-bb0f-cb875860f1f5@6c48a",
    "packable": true,
    "pixelsToUnit": 100,
    "pivot": {
      "x": 0.5,
      "y": 0.5
    },
    "meshType": 0
  }
}