{
  "__type__": "cc.SpriteFrame",
  "content": {
    "name": "标签3",
    "atlas": "",
    "rect": {
      "x": 0,
      "y": 0,
      "width": 38,
      "height": 22
    },
    "offset": {
      "x": 0,
      "y": 0
    },
    "originalSize": {
      "width": 38,
      "height": 22
    },
    "rotated": false,
    "capInsets": [
      0,
      0,
      0,
      0
    ],
    "vertices": {
      "rawPosition": [
        -19,
        -11,
        0,
        19,
        -11,
        0,
        -19,
        11,
        0,
        19,
        11,
        0
      ],
      "indexes": [
        0,
        1,
        2,
        2,
        1,
        3
      ],
      "uv": [
        0,
        22,
        38,
        22,
        0,
        0,
        38,
        0
      ],
      "nuv": [
        0,
        0,
        1,
        0,
        0,
        1,
        1,
        1
      ],
      "minPos": {
        "x": -19,
        "y": -11,
        "z": 0
      },
      "maxPos": {
        "x": 19,
        "y": 11,
        "z": 0
      }
    },
    "texture": "94ed67cb-c008-4854-8506-e50bc3ef5dcb@6c48a",
    "packable": true,
    "pixelsToUnit": 100,
    "pivot": {
      "x": 0.5,
      "y": 0.5
    },
    "meshType": 0
  }
}