{
  "__type__": "cc.SpriteFrame",
  "content": {
    "name": "目标火花",
    "atlas": "",
    "rect": {
      "x": 9,
      "y": 4,
      "width": 92,
      "height": 103
    },
    "offset": {
      "x": -0.5,
      "y": 4.5
    },
    "originalSize": {
      "width": 111,
      "height": 120
    },
    "rotated": false,
    "capInsets": [
      0,
      0,
      0,
      0
    ],
    "vertices": {
      "rawPosition": [
        -46,
        -51.5,
        0,
        46,
        -51.5,
        0,
        -46,
        51.5,
        0,
        46,
        51.5,
        0
      ],
      "indexes": [
        0,
        1,
        2,
        2,
        1,
        3
      ],
      "uv": [
        9,
        116,
        101,
        116,
        9,
        13,
        101,
        13
      ],
      "nuv": [
        0.08108108108108109,
        0.10833333333333334,
        0.9099099099099099,
        0.10833333333333334,
        0.08108108108108109,
        0.9666666666666667,
        0.9099099099099099,
        0.9666666666666667
      ],
      "minPos": {
        "x": -46,
        "y": -51.5,
        "z": 0
      },
      "maxPos": {
        "x": 46,
        "y": 51.5,
        "z": 0
      }
    },
    "texture": "2b1da796-62bc-4604-aeac-3e319e179814@6c48a",
    "packable": true,
    "pixelsToUnit": 100,
    "pivot": {
      "x": 0.5,
      "y": 0.5
    },
    "meshType": 0
  }
}