{
  "__type__": "cc.SpriteFrame",
  "content": {
    "name": "开场提示语（后续增加基于不同时段提供不同提示语的逻辑）",
    "atlas": "",
    "rect": {
      "x": 0,
      "y": 0,
      "width": 328,
      "height": 64
    },
    "offset": {
      "x": 0,
      "y": 0
    },
    "originalSize": {
      "width": 328,
      "height": 64
    },
    "rotated": false,
    "capInsets": [
      0,
      0,
      0,
      0
    ],
    "vertices": {
      "rawPosition": [
        -164,
        -32,
        0,
        164,
        -32,
        0,
        -164,
        32,
        0,
        164,
        32,
        0
      ],
      "indexes": [
        0,
        1,
        2,
        2,
        1,
        3
      ],
      "uv": [
        0,
        64,
        328,
        64,
        0,
        0,
        328,
        0
      ],
      "nuv": [
        0,
        0,
        1,
        0,
        0,
        1,
        1,
        1
      ],
      "minPos": {
        "x": -164,
        "y": -32,
        "z": 0
      },
      "maxPos": {
        "x": 164,
        "y": 32,
        "z": 0
      }
    },
    "texture": "334b4ae5-b295-4740-92e0-4eb903ef0ae5@6c48a",
    "packable": true,
    "pixelsToUnit": 100,
    "pivot": {
      "x": 0.5,
      "y": 0.5
    },
    "meshType": 0
  }
}