{
  "__type__": "cc.SpriteFrame",
  "content": {
    "name": "任务详情",
    "atlas": "",
    "rect": {
      "x": 0,
      "y": 0,
      "width": 254,
      "height": 126
    },
    "offset": {
      "x": 0,
      "y": 0
    },
    "originalSize": {
      "width": 254,
      "height": 126
    },
    "rotated": false,
    "capInsets": [
      0,
      0,
      0,
      0
    ],
    "vertices": {
      "rawPosition": [
        -127,
        -63,
        0,
        127,
        -63,
        0,
        -127,
        63,
        0,
        127,
        63,
        0
      ],
      "indexes": [
        0,
        1,
        2,
        2,
        1,
        3
      ],
      "uv": [
        0,
        126,
        254,
        126,
        0,
        0,
        254,
        0
      ],
      "nuv": [
        0,
        0,
        1,
        0,
        0,
        1,
        1,
        1
      ],
      "minPos": {
        "x": -127,
        "y": -63,
        "z": 0
      },
      "maxPos": {
        "x": 127,
        "y": 63,
        "z": 0
      }
    },
    "texture": "d1da4216-c80a-4cf8-ba7d-5009b6205f38@6c48a",
    "packable": true,
    "pixelsToUnit": 100,
    "pivot": {
      "x": 0.5,
      "y": 0.5
    },
    "meshType": 0
  }
}