{
  "__type__": "cc.SpriteFrame",
  "content": {
    "name": "聊天框背景板（默认状态）",
    "atlas": "",
    "rect": {
      "x": 2,
      "y": 2,
      "width": 404,
      "height": 193
    },
    "offset": {
      "x": 0,
      "y": 0.5
    },
    "originalSize": {
      "width": 408,
      "height": 198
    },
    "rotated": false,
    "capInsets": [
      0,
      0,
      0,
      0
    ],
    "vertices": {
      "rawPosition": [
        -202,
        -96.5,
        0,
        202,
        -96.5,
        0,
        -202,
        96.5,
        0,
        202,
        96.5,
        0
      ],
      "indexes": [
        0,
        1,
        2,
        2,
        1,
        3
      ],
      "uv": [
        2,
        196,
        406,
        196,
        2,
        3,
        406,
        3
      ],
      "nuv": [
        0.004901960784313725,
        0.015151515151515152,
        0.9950980392156863,
        0.015151515151515152,
        0.004901960784313725,
        0.98989898989899,
        0.9950980392156863,
        0.98989898989899
      ],
      "minPos": {
        "x": -202,
        "y": -96.5,
        "z": 0
      },
      "maxPos": {
        "x": 202,
        "y": 96.5,
        "z": 0
      }
    },
    "texture": "ba41e23b-a4be-4b07-b4a1-dcc600c99394@6c48a",
    "packable": true,
    "pixelsToUnit": 100,
    "pivot": {
      "x": 0.5,
      "y": 0.5
    },
    "meshType": 0
  }
}