{
  "__type__": "cc.SpriteFrame",
  "content": {
    "name": "聊天框背景板（展开状态）",
    "atlas": "",
    "rect": {
      "x": 0,
      "y": 0,
      "width": 360,
      "height": 546
    },
    "offset": {
      "x": 0,
      "y": 0
    },
    "originalSize": {
      "width": 360,
      "height": 546
    },
    "rotated": false,
    "capInsets": [
      0,
      0,
      0,
      0
    ],
    "vertices": {
      "rawPosition": [
        -180,
        -273,
        0,
        180,
        -273,
        0,
        -180,
        273,
        0,
        180,
        273,
        0
      ],
      "indexes": [
        0,
        1,
        2,
        2,
        1,
        3
      ],
      "uv": [
        0,
        546,
        360,
        546,
        0,
        0,
        360,
        0
      ],
      "nuv": [
        0,
        0,
        1,
        0,
        0,
        1,
        1,
        1
      ],
      "minPos": {
        "x": -180,
        "y": -273,
        "z": 0
      },
      "maxPos": {
        "x": 180,
        "y": 273,
        "z": 0
      }
    },
    "texture": "6a31c014-244e-4999-aa81-12209c9ebe88@6c48a",
    "packable": true,
    "pixelsToUnit": 100,
    "pivot": {
      "x": 0.5,
      "y": 0.5
    },
    "meshType": 0
  }
}