{
  "__type__": "cc.SpriteFrame",
  "content": {
    "name": "绿色格子",
    "atlas": "",
    "rect": {
      "x": 15,
      "y": 21,
      "width": 81,
      "height": 82
    },
    "offset": {
      "x": 0,
      "y": -2
    },
    "originalSize": {
      "width": 111,
      "height": 120
    },
    "rotated": false,
    "capInsets": [
      0,
      0,
      0,
      0
    ],
    "vertices": {
      "rawPosition": [
        -40.5,
        -41,
        0,
        40.5,
        -41,
        0,
        -40.5,
        41,
        0,
        40.5,
        41,
        0
      ],
      "indexes": [
        0,
        1,
        2,
        2,
        1,
        3
      ],
      "uv": [
        15,
        99,
        96,
        99,
        15,
        17,
        96,
        17
      ],
      "nuv": [
        0.13513513513513514,
        0.14166666666666666,
        0.8648648648648649,
        0.14166666666666666,
        0.13513513513513514,
        0.825,
        0.8648648648648649,
        0.825
      ],
      "minPos": {
        "x": -40.5,
        "y": -41,
        "z": 0
      },
      "maxPos": {
        "x": 40.5,
        "y": 41,
        "z": 0
      }
    },
    "texture": "bb3bd8f8-b0ec-4d5d-b3bc-9021d27ecdd0@6c48a",
    "packable": true,
    "pixelsToUnit": 100,
    "pivot": {
      "x": 0.5,
      "y": 0.5
    },
    "meshType": 0
  }
}