{
  "__type__": "cc.SpriteFrame",
  "content": {
    "name": "目标栏",
    "atlas": "",
    "rect": {
      "x": 0,
      "y": 0,
      "width": 360,
      "height": 124
    },
    "offset": {
      "x": -0.5,
      "y": 0
    },
    "originalSize": {
      "width": 361,
      "height": 124
    },
    "rotated": false,
    "capInsets": [
      0,
      0,
      0,
      0
    ],
    "vertices": {
      "rawPosition": [
        -180,
        -62,
        0,
        180,
        -62,
        0,
        -180,
        62,
        0,
        180,
        62,
        0
      ],
      "indexes": [
        0,
        1,
        2,
        2,
        1,
        3
      ],
      "uv": [
        0,
        124,
        360,
        124,
        0,
        0,
        360,
        0
      ],
      "nuv": [
        0,
        0,
        0.997229916897507,
        0,
        0,
        1,
        0.997229916897507,
        1
      ],
      "minPos": {
        "x": -180,
        "y": -62,
        "z": 0
      },
      "maxPos": {
        "x": 180,
        "y": 62,
        "z": 0
      }
    },
    "texture": "6cf90839-04f4-4da4-9132-3d2444fe3446@6c48a",
    "packable": true,
    "pixelsToUnit": 100,
    "pivot": {
      "x": 0.5,
      "y": 0.5
    },
    "meshType": 0
  }
}